,COMEX:银:非商业多头持仓:持仓数量,COMEX:银:非商业空头持仓:持仓数量
1986-01-15,11687.0,7480.0
1986-01-31,10702.0,5664.0
1986-02-14,9113.0,7091.0
1986-02-28,10355.0,10555.0
1986-03-14,8740.0,7771.0
1986-03-31,8990.0,10443.0
1986-04-15,12005.0,8955.0
1986-04-30,7526.0,7486.0
1986-05-15,7598.0,8493.0
1986-05-30,10377.0,7920.0
1986-06-13,12768.0,7637.0
1986-06-30,5425.0,6399.0
1986-07-15,4965.0,7341.0
1986-07-31,7086.0,6131.0
1986-08-15,11302.0,3289.0
1986-08-29,9953.0,3424.0
1986-09-15,16365.0,4913.0
1986-09-30,12097.0,4808.0
1986-10-15,12235.0,4559.0
1986-10-31,13490.0,4438.0
1986-11-14,13833.0,5501.0
1986-11-28,8485.0,3951.0
1986-12-15,8741.0,3326.0
1986-12-31,8638.0,4693.0
1987-01-15,9986.0,3672.0
1987-01-30,10122.0,3729.0
1987-02-13,8984.0,4243.0
1987-02-27,9873.0,6561.0
1987-03-13,12775.0,5539.0
1987-03-31,19625.0,6973.0
1987-04-15,20923.0,8692.0
1987-04-30,15262.0,6519.0
1987-05-15,19916.0,6627.0
1987-05-29,11438.0,6578.0
1987-06-15,13384.0,3864.0
1987-06-30,13283.0,4697.0
1987-07-15,15011.0,5487.0
1987-07-31,17923.0,5983.0
1987-08-14,12014.0,5684.0
1987-08-31,9894.0,8965.0
1987-09-15,12743.0,7153.0
1987-09-30,9740.0,5956.0
1987-10-15,10543.0,5206.0
1987-10-30,9794.0,6055.0
1987-11-13,8154.0,5029.0
1987-11-30,7029.0,4308.0
1987-12-15,8767.0,4567.0
1987-12-31,7244.0,4499.0
1988-01-15,8337.0,4852.0
1988-01-29,7767.0,6428.0
1988-02-12,6719.0,7385.0
1988-02-29,9124.0,6019.0
1988-03-15,8042.0,4761.0
1988-03-31,14472.0,4154.0
1988-04-15,8005.0,5184.0
1988-04-29,8187.0,4149.0
1988-05-13,9568.0,4984.0
1988-05-31,11371.0,4968.0
1988-06-15,15304.0,5065.0
1988-06-30,12945.0,4251.0
1988-07-15,21107.0,5705.0
1988-07-29,13803.0,5459.0
1988-08-15,9494.0,5956.0
1988-08-31,7866.0,5179.0
1988-09-15,8573.0,5296.0
1988-09-30,7371.0,5538.0
1988-10-14,10886.0,5651.0
1988-10-31,9320.0,4116.0
1988-11-15,10628.0,4505.0
1988-11-30,10572.0,11505.0
1988-12-15,12242.0,10341.0
1988-12-30,12815.0,11186.0
1989-01-13,11392.0,12664.0
1989-01-31,13385.0,10332.0
1989-02-15,13333.0,9376.0
1989-02-28,14201.0,8555.0
1989-03-15,20438.0,4602.0
1989-03-31,19375.0,11191.0
1989-04-14,19359.0,10651.0
1989-04-28,17135.0,11074.0
1989-05-15,17893.0,13792.0
1989-05-31,15244.0,9429.0
1989-06-15,12541.0,7496.0
1989-06-30,11267.0,9083.0
1989-07-14,10808.0,7778.0
1989-07-31,12565.0,12069.0
1989-08-15,12261.0,10879.0
1989-08-31,13863.0,13822.0
1989-09-15,15299.0,14669.0
1989-09-29,17540.0,7600.0
1989-10-13,16530.0,12773.0
1989-10-31,16866.0,8308.0
1989-11-15,20754.0,2214.0
1989-11-30,27449.0,2564.0
1989-12-15,26513.0,3309.0
1989-12-29,17180.0,4373.0
1990-01-15,17366.0,6257.0
1990-01-31,16038.0,7111.0
1990-02-15,19825.0,4687.0
1990-02-28,19165.0,10279.0
1990-03-15,20497.0,13001.0
1990-03-30,19698.0,12453.0
1990-04-12,20310.0,8016.0
1990-04-30,19264.0,12738.0
1990-05-15,20451.0,11678.0
1990-05-31,25058.0,2232.0
1990-06-15,19336.0,12995.0
1990-06-29,23020.0,13259.0
1990-07-13,22927.0,11689.0
1990-07-31,19957.0,14596.0
1990-08-15,20153.0,3391.0
1990-08-31,16602.0,8976.0
1990-09-14,16862.0,10086.0
1990-09-28,17221.0,8559.0
1990-10-15,18328.0,9178.0
1990-10-31,19860.0,9393.0
1990-11-15,15257.0,6741.0
1990-11-30,16617.0,6680.0
1990-12-14,17426.0,9879.0
1990-12-31,17508.0,4098.0
1991-01-15,19645.0,6592.0
1991-01-31,17231.0,9362.0
1991-02-15,21931.0,8736.0
1991-02-28,21650.0,8553.0
1991-03-15,29042.0,2880.0
1991-03-28,27461.0,4249.0
1991-04-15,22744.0,3183.0
1991-04-30,23134.0,4830.0
1991-05-15,24657.0,3851.0
1991-05-31,24583.0,7249.0
1991-06-14,29982.0,2224.0
1991-06-28,29693.0,1823.0
1991-07-15,27926.0,4477.0
1991-07-31,20487.0,12187.0
1991-08-15,18460.0,17010.0
1991-08-30,19447.0,18416.0
1991-09-16,24077.0,14322.0
1991-09-30,24676.0,5901.0
1991-10-15,23108.0,7294.0
1991-10-31,23464.0,5719.0
1991-11-15,19832.0,10699.0
1991-11-29,18943.0,7906.0
1991-12-13,17215.0,23459.0
1991-12-31,18786.0,19802.0
1992-01-15,24533.0,10827.0
1992-01-31,27954.0,5828.0
1992-02-14,27420.0,5890.0
1992-02-28,25195.0,5989.0
1992-03-13,24606.0,6020.0
1992-03-31,27195.0,4661.0
1992-04-15,21324.0,10549.0
1992-04-30,23837.0,16537.0
1992-05-15,22686.0,7604.0
1992-05-29,22062.0,8321.0
1992-06-15,22793.0,5381.0
1992-06-30,20216.0,14043.0
1992-07-15,20994.0,13432.0
1992-07-31,20609.0,11364.0
1992-08-14,18372.0,15123.0
1992-08-31,20183.0,12992.0
1992-09-15,17395.0,6254.0
1992-09-30,18449.0,6896.0
1992-10-06,18538.0,7333.0
1992-10-13,18799.0,7304.0
1992-10-20,19438.0,6818.0
1992-10-27,20059.0,5916.0
1992-11-03,20605.0,5363.0
1992-11-10,22417.0,5220.0
1992-11-17,19292.0,4273.0
1992-11-24,19597.0,4547.0
1992-12-01,19225.0,3947.0
1992-12-08,18530.0,3947.0
1992-12-15,18533.0,5410.0
1992-12-22,19206.0,4756.0
1992-12-29,17683.0,7492.0
1993-01-05,17494.0,9198.0
1993-01-12,16665.0,6629.0
1993-01-19,17367.0,5350.0
1993-01-26,19557.0,3412.0
1993-02-02,18064.0,5225.0
1993-02-09,18480.0,5406.0
1993-02-16,17855.0,2831.0
1993-02-23,17134.0,15863.0
1993-03-02,18468.0,15709.0
1993-03-09,17497.0,15289.0
1993-03-16,18086.0,7529.0
1993-03-23,19933.0,7697.0
1993-03-30,30367.0,3111.0
1993-04-06,37132.0,2905.0
1993-04-13,34734.0,1562.0
1993-04-20,34580.0,2218.0
1993-04-27,36714.0,2676.0
1993-05-04,34985.0,5091.0
1993-05-11,34921.0,5249.0
1993-05-18,33558.0,4895.0
1993-05-25,32697.0,5429.0
1993-06-01,30799.0,6808.0
1993-06-08,27774.0,5478.0
1993-06-15,23262.0,4439.0
1993-06-22,25541.0,7540.0
1993-06-29,26676.0,1925.0
1993-07-06,31980.0,5071.0
1993-07-13,35703.0,5491.0
1993-07-20,34079.0,6452.0
1993-07-27,34677.0,6753.0
1993-08-03,37152.0,7940.0
1993-08-10,31158.0,7567.0
1993-08-17,29503.0,4240.0
1993-08-24,29165.0,4264.0
1993-08-31,33702.0,3872.0
1993-09-07,30745.0,4966.0
1993-09-14,31405.0,6014.0
1993-09-21,29242.0,6270.0
1993-09-28,29077.0,5366.0
1993-10-05,28839.0,5123.0
1993-10-12,29107.0,3224.0
1993-10-19,27441.0,3737.0
1993-10-26,27361.0,3303.0
1993-11-02,28063.0,6697.0
1993-11-09,27749.0,5774.0
1993-11-16,28473.0,3788.0
1993-11-23,25180.0,4704.0
1993-11-30,25243.0,4671.0
1993-12-07,31395.0,5086.0
1993-12-14,33858.0,3732.0
1993-12-21,33953.0,3020.0
1993-12-28,35169.0,3049.0
1994-01-04,37925.0,3881.0
1994-01-11,35230.0,4026.0
1994-01-18,39290.0,4160.0
1994-01-25,39111.0,4191.0
1994-02-01,39786.0,4016.0
1994-02-08,43110.0,4361.0
1994-02-15,37768.0,3354.0
1994-02-22,37996.0,3758.0
1994-03-01,40447.0,3427.0
1994-03-08,38995.0,3749.0
1994-03-15,46211.0,3562.0
1994-03-22,48168.0,4415.0
1994-03-29,49430.0,5243.0
1994-04-05,45371.0,5530.0
1994-04-12,40308.0,5155.0
1994-04-19,43553.0,6331.0
1994-04-26,45671.0,7572.0
1994-05-03,49092.0,7009.0
1994-05-10,47958.0,5880.0
1994-05-17,53632.0,5035.0
1994-05-24,61290.0,5958.0
1994-05-31,60055.0,4890.0
1994-06-07,51936.0,4877.0
1994-06-14,51862.0,4722.0
1994-06-21,55431.0,4867.0
1994-06-28,56156.0,6339.0
1994-07-05,58755.0,5604.0
1994-07-12,55479.0,5923.0
1994-07-19,55265.0,7738.0
1994-07-26,54753.0,7908.0
1994-08-02,53320.0,8818.0
1994-08-09,50963.0,11093.0
1994-08-16,45457.0,10803.0
1994-08-23,40921.0,8875.0
1994-08-30,47535.0,3896.0
1994-09-06,50445.0,1828.0
1994-09-13,44123.0,3846.0
1994-09-20,52246.0,3465.0
1994-09-27,55832.0,4083.0
1994-10-04,57779.0,3045.0
1994-10-11,51859.0,3427.0
1994-10-18,41180.0,3886.0
1994-10-25,34998.0,3982.0
1994-11-01,36075.0,5743.0
1994-11-08,36072.0,7915.0
1994-11-15,31044.0,14835.0
1994-11-22,29997.0,14895.0
1994-11-29,28541.0,16176.0
1994-12-06,27529.0,19490.0
1994-12-13,25278.0,20077.0
1994-12-20,26418.0,18461.0
1994-12-27,27194.0,19799.0
1995-01-03,26028.0,18165.0
1995-01-10,25475.0,19120.0
1995-01-17,23463.0,15829.0
1995-01-24,22623.0,13578.0
1995-01-31,22770.0,16430.0
1995-02-07,22263.0,16355.0
1995-02-14,20422.0,13115.0
1995-02-21,20145.0,12782.0
1995-02-28,24229.0,15391.0
1995-03-07,20315.0,15669.0
1995-03-14,19008.0,12019.0
1995-03-21,19093.0,11532.0
1995-03-28,20341.0,11413.0
1995-04-04,21123.0,5817.0
1995-04-11,25463.0,6221.0
1995-04-18,26492.0,3469.0
1995-04-25,27080.0,2946.0
1995-05-02,28960.0,3395.0
1995-05-09,28429.0,4035.0
1995-05-16,20122.0,2965.0
1995-05-23,18076.0,4011.0
1995-05-30,17557.0,6573.0
1995-06-06,16510.0,7857.0
1995-06-13,16344.0,4824.0
1995-06-20,17296.0,4719.0
1995-06-27,18856.0,5265.0
1995-07-03,17271.0,10727.0
1995-07-11,17207.0,11100.0
1995-07-18,16938.0,7711.0
1995-07-25,18503.0,7991.0
1995-08-01,19207.0,9724.0
1995-08-08,18984.0,8931.0
1995-08-15,21179.0,8213.0
1995-08-22,30647.0,4422.0
1995-08-29,31212.0,4142.0
1995-09-05,24241.0,3132.0
1995-09-12,25589.0,2799.0
1995-09-19,28831.0,3462.0
1995-09-26,29796.0,1654.0
1995-10-03,26334.0,3330.0
1995-10-10,25153.0,4155.0
1995-10-17,25032.0,5577.0
1995-10-24,25162.0,5732.0
1995-10-31,25809.0,4462.0
1995-11-07,25210.0,5685.0
1995-11-14,24223.0,5524.0
1995-11-21,23712.0,6100.0
1995-11-28,25693.0,13581.0
1995-12-05,27207.0,14372.0
1995-12-12,27209.0,15421.0
1995-12-19,25507.0,14930.0
1995-12-26,25056.0,14560.0
1996-01-02,24745.0,10881.0
1996-01-09,30385.0,4848.0
1996-01-16,32524.0,4572.0
1996-01-23,31827.0,3529.0
1996-01-30,31211.0,3981.0
1996-02-06,36147.0,3953.0
1996-02-13,34501.0,3638.0
1996-02-20,30857.0,3701.0
1996-02-27,26648.0,2538.0
1996-03-05,22283.0,3216.0
1996-03-12,24166.0,1329.0
1996-03-19,28102.0,1739.0
1996-03-26,34594.0,1613.0
1996-04-02,30800.0,3477.0
1996-04-09,30441.0,8558.0
1996-04-16,25763.0,13261.0
1996-04-23,22668.0,15245.0
1996-04-30,25210.0,16032.0
1996-05-07,27002.0,13438.0
1996-05-14,26582.0,13320.0
1996-05-21,21543.0,17736.0
1996-05-28,21454.0,16939.0
1996-06-04,22311.0,16609.0
1996-06-11,22340.0,20372.0
1996-06-18,20693.0,20506.0
1996-06-25,20626.0,18519.0
1996-07-02,19421.0,18477.0
1996-07-09,19752.0,16867.0
1996-07-16,21533.0,22302.0
1996-07-23,20902.0,26950.0
1996-07-30,19281.0,21593.0
1996-08-06,20130.0,22593.0
1996-08-13,19579.0,20377.0
1996-08-20,20568.0,9459.0
1996-08-27,21258.0,5331.0
1996-09-03,21775.0,5207.0
1996-09-10,19838.0,7057.0
1996-09-17,18288.0,12377.0
1996-09-24,18566.0,22345.0
1996-10-01,19026.0,19490.0
1996-10-08,19085.0,19280.0
1996-10-15,21705.0,15432.0
1996-10-22,18496.0,15997.0
1996-10-29,18772.0,18292.0
1996-11-05,18434.0,19766.0
1996-11-12,17465.0,18529.0
1996-11-19,16506.0,16578.0
1996-11-26,16902.0,18536.0
1996-12-03,16738.0,18011.0
1996-12-10,16095.0,14645.0
1996-12-17,16659.0,10522.0
1996-12-24,15569.0,11264.0
1996-12-31,16155.0,15845.0
1997-01-07,18288.0,20767.0
1997-01-14,22560.0,24449.0
1997-01-21,21176.0,23421.0
1997-01-28,21369.0,10856.0
1997-02-04,20788.0,12154.0
1997-02-11,19074.0,11833.0
1997-02-18,29180.0,4300.0
1997-02-25,30374.0,4026.0
1997-03-04,33000.0,1602.0
1997-03-11,32071.0,2576.0
1997-03-18,30866.0,3122.0
1997-03-25,28240.0,3784.0
1997-04-01,25177.0,6952.0
1997-04-08,20575.0,17317.0
1997-04-15,20684.0,19120.0
1997-04-22,18051.0,18435.0
1997-04-29,18139.0,19867.0
1997-05-06,18018.0,17869.0
1997-05-13,18927.0,15333.0
1997-05-20,18499.0,22254.0
1997-05-27,19974.0,22193.0
1997-06-03,20265.0,22602.0
1997-06-10,19340.0,18647.0
1997-06-17,19667.0,20135.0
1997-06-24,19132.0,13632.0
1997-07-01,19203.0,21457.0
1997-07-08,17651.0,25419.0
1997-07-15,17693.0,25080.0
1997-07-22,18583.0,27561.0
1997-07-29,19062.0,29441.0
1997-08-05,19153.0,25851.0
1997-08-12,18988.0,24558.0
1997-08-19,17857.0,20044.0
1997-08-26,16539.0,10782.0
1997-09-02,16399.0,10946.0
1997-09-09,18542.0,10576.0
1997-09-16,18546.0,13451.0
1997-09-23,17738.0,11781.0
1997-09-30,40463.0,8321.0
1997-10-07,43323.0,8629.0
1997-10-14,41833.0,10197.0
1997-10-21,39795.0,13055.0
1997-10-28,29786.0,15073.0
1997-11-04,31952.0,16542.0
1997-11-11,34651.0,17025.0
1997-11-18,39799.0,15195.0
1997-11-25,48407.0,7964.0
1997-12-02,48359.0,7858.0
1997-12-09,45081.0,7661.0
1997-12-16,49495.0,7764.0
1997-12-23,51855.0,8919.0
1997-12-30,52149.0,10022.0
1998-01-06,51594.0,10113.0
1998-01-13,44921.0,7221.0
1998-01-20,43479.0,7280.0
1998-01-27,45771.0,5472.0
1998-02-03,52932.0,6033.0
1998-02-10,53144.0,5186.0
1998-02-17,53813.0,4617.0
1998-02-24,51662.0,5541.0
1998-03-03,49878.0,4183.0
1998-03-10,49305.0,4437.0
1998-03-17,40039.0,5057.0
1998-03-24,35861.0,3768.0
1998-03-31,37432.0,3525.0
1998-04-07,38793.0,2530.0
1998-04-14,38606.0,3024.0
1998-04-21,37320.0,3764.0
1998-04-28,37218.0,3608.0
1998-05-05,36486.0,4082.0
1998-05-12,33068.0,6532.0
1998-05-19,30551.0,13975.0
1998-05-26,29236.0,14572.0
1998-06-02,32212.0,19771.0
1998-06-09,33273.0,18868.0
1998-06-16,29280.0,15286.0
1998-06-23,29370.0,11868.0
1998-06-30,30414.0,11433.0
1998-07-07,29066.0,11041.0
1998-07-14,29569.0,10769.0
1998-07-21,32248.0,9965.0
1998-07-28,32914.0,2247.0
1998-08-04,33391.0,3512.0
1998-08-11,32264.0,6483.0
1998-08-18,31039.0,12433.0
1998-08-25,31874.0,14672.0
1998-09-01,30157.0,21464.0
1998-09-08,30026.0,20847.0
1998-09-15,29339.0,18476.0
1998-09-22,30608.0,18436.0
1998-09-29,31316.0,7307.0
1998-10-06,29448.0,6245.0
1998-10-13,28426.0,10540.0
1998-10-20,28789.0,10973.0
1998-10-27,28808.0,11440.0
1998-11-03,28055.0,9397.0
1998-11-10,28143.0,7831.0
1998-11-17,27325.0,8319.0
1998-11-24,26256.0,11885.0
1998-12-01,28329.0,12850.0
1998-12-08,28158.0,21298.0
1998-12-15,27150.0,19953.0
1998-12-22,27868.0,14689.0
1998-12-29,28994.0,14744.0
1999-01-05,29939.0,13288.0
1999-01-12,37222.0,4415.0
1999-01-19,34777.0,4701.0
1999-01-26,34715.0,4594.0
1999-02-02,44079.0,3962.0
1999-02-09,56505.0,2869.0
1999-02-16,55186.0,3405.0
1999-02-23,54471.0,3587.0
1999-03-02,55330.0,3430.0
1999-03-09,43428.0,1962.0
1999-03-16,33646.0,3932.0
1999-03-23,29659.0,6404.0
1999-03-30,32303.0,6971.0
1999-04-06,33420.0,11537.0
1999-04-13,31968.0,20163.0
1999-04-20,30840.0,9356.0
1999-04-27,31972.0,8545.0
1999-05-04,35807.0,3425.0
1999-05-11,40591.0,2136.0
1999-05-18,39323.0,1768.0
1999-05-25,29275.0,2781.0
1999-06-01,26831.0,8868.0
1999-06-08,26609.0,15520.0
1999-06-15,27625.0,13138.0
1999-06-22,27561.0,15528.0
1999-06-29,29679.0,9507.0
1999-07-06,35687.0,3343.0
1999-07-13,35368.0,3193.0
1999-07-20,29595.0,6865.0
1999-07-27,30824.0,5174.0
1999-08-03,44995.0,3035.0
1999-08-10,51159.0,2721.0
1999-08-17,44582.0,2666.0
1999-08-24,38351.0,3888.0
1999-08-31,34083.0,7463.0
1999-09-07,33765.0,8430.0
1999-09-14,34187.0,9341.0
1999-09-21,39471.0,8370.0
1999-09-28,49826.0,5020.0
1999-10-05,49990.0,4758.0
1999-10-12,53320.0,3134.0
1999-10-19,37266.0,2571.0
1999-10-26,33033.0,4787.0
1999-11-02,34051.0,6711.0
1999-11-09,32436.0,16595.0
1999-11-16,32714.0,14121.0
1999-11-23,33429.0,7137.0
1999-11-30,32267.0,7834.0
1999-12-07,31749.0,8771.0
1999-12-14,30943.0,8514.0
1999-12-21,32542.0,6574.0
1999-12-28,32641.0,6583.0
2000-01-04,39893.0,5045.0
2000-01-11,35479.0,5710.0
2000-01-18,35224.0,11157.0
2000-01-25,39143.0,6602.0
2000-02-01,43190.0,4252.0
2000-02-08,47362.0,3169.0
2000-02-15,42619.0,1977.0
2000-02-22,42051.0,1647.0
2000-02-29,34389.0,10480.0
2000-03-07,33524.0,15727.0
2000-03-14,34517.0,17849.0
2000-03-21,33727.0,16256.0
2000-03-28,34467.0,18283.0
2000-04-04,30926.0,16585.0
2000-04-11,30727.0,12629.0
2000-04-18,31313.0,11727.0
2000-04-25,31410.0,20141.0
2000-05-02,32221.0,20428.0
2000-05-09,32293.0,16209.0
2000-05-16,31607.0,15284.0
2000-05-23,32657.0,20124.0
2000-05-30,34271.0,29087.0
2000-06-06,31425.0,15286.0
2000-06-13,29290.0,14351.0
2000-06-20,30096.0,13305.0
2000-06-27,29502.0,20721.0
2000-07-05,30461.0,17104.0
2000-07-11,31211.0,19423.0
2000-07-18,29087.0,17737.0
2000-07-25,30622.0,21725.0
2000-08-01,29482.0,19767.0
2000-08-08,31969.0,25104.0
2000-08-15,33832.0,30884.0
2000-08-22,34195.0,32983.0
2000-08-29,33377.0,30678.0
2000-09-05,32041.0,24432.0
2000-09-12,33240.0,23985.0
2000-09-19,32520.0,25741.0
2000-09-26,32378.0,25470.0
2000-10-03,31772.0,23114.0
2000-10-10,32440.0,23592.0
2000-10-17,34715.0,26971.0
2000-10-24,35485.0,32451.0
2000-10-31,34460.0,34750.0
2000-11-07,35551.0,35563.0
2000-11-14,30920.0,34630.0
2000-11-21,30617.0,32437.0
2000-11-28,33049.0,31370.0
2000-12-05,33964.0,32716.0
2000-12-12,34400.0,32456.0
2000-12-19,32047.0,32841.0
2000-12-26,32052.0,32812.0
2001-01-02,31882.0,34097.0
2001-01-09,32187.0,32916.0
2001-01-16,30853.0,29244.0
2001-01-23,30964.0,19164.0
2001-01-30,31132.0,15969.0
2001-02-06,32995.0,15848.0
2001-02-13,29528.0,23093.0
2001-02-20,29426.0,28215.0
2001-02-27,29767.0,29560.0
2001-03-06,29431.0,31729.0
2001-03-13,29642.0,30709.0
2001-03-20,29711.0,31153.0
2001-03-27,30362.0,27852.0
2001-04-03,30745.0,29593.0
2001-04-10,30576.0,28350.0
2001-04-17,28102.0,25483.0
2001-04-24,28649.0,22094.0
2001-05-01,28896.0,24793.0
2001-05-08,29074.0,28452.0
2001-05-15,29584.0,31045.0
2001-05-22,32379.0,21052.0
2001-05-29,32809.0,17202.0
2001-06-05,30503.0,19097.0
2001-06-12,29066.0,21891.0
2001-06-19,28507.0,18974.0
2001-06-26,29153.0,23029.0
2001-07-03,31180.0,27618.0
2001-07-10,31663.0,31096.0
2001-07-17,31520.0,34106.0
2001-07-24,31863.0,33840.0
2001-07-31,32373.0,34126.0
2001-08-07,32451.0,33801.0
2001-08-14,31157.0,31783.0
2001-08-21,32955.0,29985.0
2001-08-28,33344.0,29872.0
2001-09-04,32968.0,31365.0
2001-09-10,32728.0,31498.0
2001-09-18,34064.0,25205.0
2001-09-25,33697.0,9577.0
2001-10-02,37429.0,7436.0
2001-10-09,43743.0,9004.0
2001-10-16,37952.0,6696.0
2001-10-23,31598.0,8503.0
2001-10-30,30473.0,11847.0
2001-11-06,31175.0,21983.0
2001-11-13,31920.0,25081.0
2001-11-20,31532.0,27499.0
2001-11-27,31589.0,30166.0
2001-12-04,32356.0,29303.0
2001-12-11,32823.0,24919.0
2001-12-18,32107.0,19016.0
2001-12-21,31808.0,13840.0
2001-12-28,32058.0,8990.0
2002-01-08,37728.0,5115.0
2002-01-15,40882.0,4674.0
2002-01-22,36636.0,3600.0
2002-01-29,32428.0,3833.0
2002-02-05,30712.0,5491.0
2002-02-12,30777.0,4253.0
2002-02-19,32533.0,4405.0
2002-02-26,32327.0,5217.0
2002-03-05,35995.0,3958.0
2002-03-12,36515.0,3882.0
2002-03-19,36681.0,3600.0
2002-03-26,38820.0,4017.0
2002-04-02,45615.0,3686.0
2002-04-09,43572.0,4532.0
2002-04-16,34125.0,5958.0
2002-04-23,32350.0,3698.0
2002-04-30,32661.0,3686.0
2002-05-07,33697.0,3761.0
2002-05-14,34377.0,3413.0
2002-05-21,49038.0,3708.0
2002-05-28,56092.0,6586.0
2002-06-04,58184.0,6012.0
2002-06-11,54720.0,4528.0
2002-06-18,49496.0,4841.0
2002-06-25,44821.0,5657.0
2002-07-02,47016.0,4763.0
2002-07-09,50066.0,5742.0
2002-07-16,52634.0,4089.0
2002-07-23,47110.0,3835.0
2002-07-30,32082.0,3708.0
2002-08-06,29692.0,4766.0
2002-08-13,28981.0,6244.0
2002-08-20,26231.0,9787.0
2002-08-27,26550.0,13424.0
2002-09-03,26210.0,14855.0
2002-09-10,26612.0,15038.0
2002-09-17,28406.0,14087.0
2002-09-24,32953.0,10747.0
2002-10-01,30840.0,12792.0
2002-10-08,29252.0,20882.0
2002-10-15,28629.0,29002.0
2002-10-22,30128.0,30917.0
2002-10-29,29937.0,27401.0
2002-11-05,28414.0,22234.0
2002-11-12,30745.0,15936.0
2002-11-19,32339.0,14484.0
2002-11-26,28788.0,16324.0
2002-12-03,29315.0,16765.0
2002-12-10,31288.0,10149.0
2002-12-17,33764.0,6138.0
2002-12-23,34246.0,5314.0
2002-12-31,36652.0,4772.0
2003-01-07,45993.0,7406.0
2003-01-14,45901.0,8658.0
2003-01-21,47016.0,8616.0
2003-01-28,47139.0,7167.0
2003-02-04,49110.0,6582.0
2003-02-11,36461.0,7324.0
2003-02-14,30821.0,10643.0
2003-02-25,30629.0,9723.0
2003-03-04,27509.0,9499.0
2003-03-11,28597.0,6577.0
2003-03-18,27518.0,14759.0
2003-03-25,25093.0,25714.0
2003-04-01,25268.0,28948.0
2003-04-08,27512.0,28192.0
2003-04-15,26854.0,27201.0
2003-04-22,26792.0,22701.0
2003-04-29,24615.0,15398.0
2003-05-06,34169.0,8581.0
2003-05-13,39038.0,6805.0
2003-05-20,40340.0,8176.0
2003-05-27,36415.0,6110.0
2003-06-03,26998.0,6250.0
2003-06-10,26604.0,11940.0
2003-06-17,27358.0,13676.0
2003-06-24,27154.0,17398.0
2003-07-01,26686.0,17810.0
2003-07-08,31125.0,10210.0
2003-07-15,38637.0,8294.0
2003-07-22,39330.0,9419.0
2003-07-29,56004.0,7572.0
2003-08-05,53066.0,5353.0
2003-08-12,48346.0,6163.0
2003-08-19,45072.0,5482.0
2003-08-26,46748.0,4403.0
2003-09-02,47810.0,6073.0
2003-09-09,57490.0,4680.0
2003-09-16,56129.0,5118.0
2003-09-23,54399.0,5742.0
2003-09-30,50958.0,6033.0
2003-10-07,29732.0,6991.0
2003-10-14,28179.0,9693.0
2003-10-21,30156.0,8228.0
2003-10-28,33068.0,5011.0
2003-11-04,30227.0,5156.0
2003-11-11,29492.0,5377.0
2003-11-18,42567.0,5213.0
2003-11-25,41236.0,1659.0
2003-12-02,47798.0,2656.0
2003-12-09,50808.0,3595.0
2003-12-16,53237.0,3769.0
2003-12-22,52468.0,3498.0
2003-12-30,54889.0,3364.0
2004-01-06,59543.0,4042.0
2004-01-13,57364.0,4752.0
2004-01-20,54925.0,7743.0
2004-01-27,61066.0,4621.0
2004-02-03,53206.0,2650.0
2004-02-10,54115.0,3983.0
2004-02-17,57144.0,3969.0
2004-02-24,56131.0,2432.0
2004-03-02,58087.0,3783.0
2004-03-09,63135.0,4449.0
2004-03-16,61444.0,5183.0
2004-03-23,61720.0,5373.0
2004-03-30,59587.0,3496.0
2004-04-06,57433.0,5696.0
2004-04-12,55444.0,3728.0
2004-04-20,46589.0,3286.0
2004-04-27,39078.0,4447.0
2004-05-04,37178.0,4130.0
2004-05-11,33653.0,5389.0
2004-05-18,32998.0,6815.0
2004-05-25,30587.0,7247.0
2004-06-01,30077.0,7209.0
2004-06-08,29672.0,9397.0
2004-06-15,29651.0,8623.0
2004-06-22,29109.0,8260.0
2004-06-29,30613.0,5165.0
2004-07-06,30389.0,6413.0
2004-07-13,36761.0,2825.0
2004-07-20,43271.0,3272.0
2004-07-27,40184.0,4728.0
2004-08-03,44765.0,4256.0
2004-08-10,48019.0,3675.0
2004-08-17,46370.0,2830.0
2004-08-24,48506.0,2074.0
2004-08-31,48118.0,2547.0
2004-09-07,38898.0,4221.0
2004-09-14,30554.0,7365.0
2004-09-21,30798.0,6958.0
2004-09-28,32046.0,4831.0
2004-10-05,50369.0,4088.0
2004-10-12,58594.0,5141.0
2004-10-19,60545.0,5058.0
2004-10-26,62746.0,6653.0
2004-11-02,58504.0,4172.0
2004-11-09,64181.0,6960.0
2004-11-16,64251.0,7074.0
2004-11-23,69820.0,4062.0
2004-11-30,70987.0,3763.0
2004-12-07,73786.0,3668.0
2004-12-14,46556.0,3331.0
2004-12-21,42217.0,4553.0
2004-12-28,42318.0,4612.0
2005-01-04,43147.0,4797.0
2005-01-11,42170.0,9052.0
2005-01-18,42288.0,9642.0
2005-01-25,40809.0,10583.0
2005-02-01,40985.0,10753.0
2005-02-08,39463.0,11700.0
2005-02-15,43664.0,6690.0
2005-02-22,47471.0,5157.0
2005-03-01,47371.0,4887.0
2005-03-08,49415.0,4676.0
2005-03-15,47955.0,3510.0
2005-03-22,45798.0,6246.0
2005-03-29,37645.0,4674.0
2005-04-05,39261.0,4663.0
2005-04-12,40952.0,4268.0
2005-04-19,40909.0,3273.0
2005-04-26,44601.0,4236.0
2005-05-03,37887.0,18029.0
2005-05-10,37632.0,15121.0
2005-05-17,38777.0,14087.0
2005-05-24,38526.0,13572.0
2005-05-31,52757.0,9956.0
2005-06-07,64948.0,7479.0
2005-06-14,59725.0,5778.0
2005-06-21,57072.0,5781.0
2005-06-28,52982.0,6335.0
2005-07-05,42886.0,18329.0
2005-07-12,41751.0,18891.0
2005-07-19,43198.0,21296.0
2005-07-26,41302.0,19384.0
2005-08-02,43043.0,9640.0
2005-08-09,41925.0,12687.0
2005-08-16,40199.0,15861.0
2005-08-23,40167.0,15490.0
2005-08-30,43817.0,32167.0
2005-09-06,39225.0,24659.0
2005-09-13,42004.0,26495.0
2005-09-20,49008.0,15548.0
2005-09-27,50616.0,13317.0
2005-10-04,55195.0,12413.0
2005-10-11,62883.0,11516.0
2005-10-18,66282.0,12036.0
2005-10-25,66256.0,12135.0
2005-11-01,60685.0,9137.0
2005-11-08,62257.0,11181.0
2005-11-15,65215.0,13493.0
2005-11-22,73548.0,12988.0
2005-11-29,75230.0,12079.0
2005-12-06,79031.0,12301.0
2005-12-13,72934.0,10147.0
2005-12-20,68903.0,7927.0
2005-12-27,69081.0,7888.0
2006-01-03,66488.0,7108.0
2006-01-10,64551.0,5580.0
2006-01-17,64299.0,5452.0
2006-01-24,66946.0,7114.0
2006-01-31,66502.0,10246.0
2006-02-07,62794.0,10006.0
2006-02-14,59275.0,8687.0
2006-02-21,59943.0,8096.0
2006-02-28,56871.0,12249.0
2006-03-07,61688.0,9732.0
2006-03-14,59251.0,8062.0
2006-03-21,62687.0,8786.0
2006-03-28,63054.0,10691.0
2006-04-04,62676.0,10830.0
2006-04-11,60028.0,13889.0
2006-04-18,56968.0,14792.0
2006-04-25,43242.0,7187.0
2006-05-02,41659.0,10448.0
2006-05-09,38664.0,8838.0
2006-05-16,35419.0,9349.0
2006-05-23,34795.0,8554.0
2006-05-30,35169.0,8797.0
2006-06-06,32662.0,9728.0
2006-06-13,33080.0,8612.0
2006-06-20,32276.0,9803.0
2006-06-27,30746.0,10906.0
2006-07-03,31220.0,7219.0
2006-07-11,31855.0,7464.0
2006-07-18,31264.0,8077.0
2006-07-25,31142.0,7320.0
2006-08-01,32228.0,7889.0
2006-08-08,37564.0,8994.0
2006-08-15,36719.0,8978.0
2006-08-22,38914.0,9361.0
2006-08-29,38861.0,9400.0
2006-09-05,40920.0,11100.0
2006-09-12,32926.0,10553.0
2006-09-19,29367.0,10286.0
2006-09-26,28267.0,9800.0
2006-10-03,27302.0,8089.0
2006-10-10,27850.0,8370.0
2006-10-17,31433.0,9026.0
2006-10-24,34851.0,8496.0
2006-10-31,36672.0,8570.0
2006-11-07,38784.0,8467.0
2006-11-14,43634.0,8540.0
2006-11-21,44371.0,6905.0
2006-11-28,46095.0,7051.0
2006-12-05,49012.0,7352.0
2006-12-12,51968.0,8364.0
2006-12-19,43218.0,6432.0
2006-12-26,41044.0,6541.0
2007-01-03,40337.0,8056.0
2007-01-09,40894.0,7262.0
2007-01-16,39984.0,7212.0
2007-01-23,43051.0,7398.0
2007-01-30,47120.0,8123.0
2007-02-06,49943.0,8816.0
2007-02-13,53943.0,10381.0
2007-02-20,56923.0,10495.0
2007-02-27,63891.0,9502.0
2007-03-06,44348.0,7308.0
2007-03-13,40204.0,6920.0
2007-03-20,38039.0,6475.0
2007-03-27,38443.0,6365.0
2007-04-03,39399.0,7739.0
2007-04-10,43105.0,9375.0
2007-04-17,47030.0,9997.0
2007-04-24,48794.0,10378.0
2007-05-01,43129.0,11404.0
2007-05-08,41590.0,11929.0
2007-05-15,41376.0,11620.0
2007-05-22,39806.0,14479.0
2007-05-29,41409.0,13717.0
2007-06-05,44461.0,11980.0
2007-06-12,44174.0,12494.0
2007-06-19,44649.0,9953.0
2007-06-26,40565.0,12713.0
2007-07-03,40070.0,16067.0
2007-07-10,40880.0,14402.0
2007-07-17,39986.0,12046.0
2007-07-24,42754.0,10411.0
2007-07-31,38580.0,11211.0
2007-08-07,39317.0,10377.0
2007-08-14,36203.0,9256.0
2007-08-21,32607.0,12809.0
2007-08-28,25712.0,16050.0
2007-09-04,25965.0,16688.0
2007-09-11,27426.0,16582.0
2007-09-18,28450.0,15241.0
2007-09-25,37848.0,13085.0
2007-10-02,39347.0,12749.0
2007-10-09,41278.0,13029.0
2007-10-16,41936.0,13040.0
2007-10-23,40818.0,12298.0
2007-10-30,44222.0,13733.0
2007-11-06,48322.0,14245.0
2007-11-13,45951.0,14724.0
2007-11-20,44350.0,14802.0
2007-11-27,42438.0,11564.0
2007-12-04,39409.0,11041.0
2007-12-11,42254.0,11234.0
2007-12-18,38234.0,12111.0
2007-12-24,40310.0,8820.0
2007-12-31,43450.0,8322.0
2008-01-08,51774.0,10691.0
2008-01-15,55869.0,12852.0
2008-01-22,58504.0,11916.0
2008-01-29,57683.0,11571.0
2008-02-05,58807.0,9057.0
2008-02-12,62875.0,10885.0
2008-02-19,63733.0,10595.0
2008-02-26,63537.0,9620.0
2008-03-04,62211.0,11594.0
2008-03-11,59926.0,8916.0
2008-03-18,59944.0,9489.0
2008-03-25,48579.0,8541.0
2008-04-01,47457.0,6193.0
2008-04-08,47194.0,7258.0
2008-04-15,46916.0,6379.0
2008-04-22,47548.0,6226.0
2008-04-29,48978.0,6421.0
2008-05-06,48779.0,7600.0
2008-05-13,49456.0,9415.0
2008-05-20,54227.0,11158.0
2008-05-27,55747.0,10909.0
2008-06-03,51098.0,9145.0
2008-06-10,51259.0,10338.0
2008-06-17,49452.0,9430.0
2008-06-24,49195.0,10195.0
2008-07-01,56414.0,9925.0
2008-07-08,59095.0,10957.0
2008-07-15,60062.0,10777.0
2008-07-22,57762.0,10802.0
2008-07-29,50265.0,10421.0
2008-08-05,46849.0,9649.0
2008-08-12,45941.0,9915.0
2008-08-19,42525.0,10961.0
2008-08-26,39453.0,11869.0
2008-09-02,40310.0,13301.0
2008-09-09,38840.0,14090.0
2008-09-16,38161.0,14660.0
2008-09-23,34169.0,13012.0
2008-09-30,30405.0,12069.0
2008-10-07,28882.0,11783.0
2008-10-14,28140.0,11218.0
2008-10-21,27104.0,13463.0
2008-10-28,27822.0,12754.0
2008-11-04,29015.0,11508.0
2008-11-11,30913.0,11287.0
2008-11-18,29678.0,10603.0
2008-11-25,24915.0,10756.0
2008-12-02,24263.0,8210.0
2008-12-09,24501.0,7618.0
2008-12-16,26737.0,7416.0
2008-12-22,26817.0,6577.0
2008-12-30,27106.0,7311.0
2009-01-06,26767.0,6578.0
2009-01-13,25899.0,7543.0
2009-01-20,26663.0,7597.0
2009-01-27,28760.0,7802.0
2009-02-03,29430.0,7015.0
2009-02-10,30842.0,6720.0
2009-02-17,30954.0,6237.0
2009-02-24,30975.0,5768.0
2009-03-03,32391.0,5706.0
2009-03-10,30549.0,5267.0
2009-03-17,29437.0,5022.0
2009-03-24,27711.0,4980.0
2009-03-31,27232.0,6645.0
2009-04-07,26198.0,8557.0
2009-04-14,24462.0,7656.0
2009-04-21,24516.0,10518.0
2009-04-28,24121.0,8402.0
2009-05-05,27385.0,6581.0
2009-05-12,32432.0,7932.0
2009-05-19,34189.0,5964.0
2009-05-26,33982.0,5948.0
2009-06-02,35789.0,7121.0
2009-06-09,36330.0,5446.0
2009-06-16,33876.0,4481.0
2009-06-23,30838.0,4633.0
2009-06-30,30233.0,5455.0
2009-07-07,29641.0,5515.0
2009-07-14,28690.0,7605.0
2009-07-21,28351.0,9811.0
2009-07-28,30181.0,8855.0
2009-08-04,32434.0,8585.0
2009-08-11,36581.0,8771.0
2009-08-18,35138.0,7287.0
2009-08-25,35667.0,6537.0
2009-09-01,42244.0,7815.0
2009-09-08,48685.0,7783.0
2009-09-15,54995.0,8526.0
2009-09-22,56756.0,9522.0
2009-09-29,54966.0,7556.0
2009-10-06,54614.0,7314.0
2009-10-13,55532.0,7257.0
2009-10-20,55740.0,7602.0
2009-10-27,51014.0,6874.0
2009-11-03,45742.0,5944.0
2009-11-09,43862.0,5908.0
2009-11-17,47597.0,7117.0
2009-11-24,48870.0,3222.0
2009-12-01,49798.0,4599.0
2009-12-08,46575.0,4039.0
2009-12-15,42440.0,3763.0
2009-12-22,42528.0,2850.0
2009-12-29,41886.0,3165.0
2010-01-05,44312.0,4813.0
2010-01-12,48703.0,4175.0
2010-01-19,49357.0,5056.0
2010-01-26,41473.0,4404.0
2010-02-02,36924.0,6047.0
2010-02-09,32438.0,9073.0
2010-02-16,34615.0,9237.0
2010-02-23,35495.0,7679.0
2010-03-02,36721.0,5663.0
2010-03-09,40051.0,4886.0
2010-03-16,40126.0,5270.0
2010-03-23,38105.0,5804.0
2010-03-30,38734.0,5753.0
2010-04-06,44052.0,6529.0
2010-04-13,47495.0,7890.0
2010-04-20,46960.0,8098.0
2010-04-27,48462.0,7895.0
2010-05-04,47287.0,8627.0
2010-05-11,47848.0,10258.0
2010-05-18,51664.0,8874.0
2010-05-25,42146.0,7314.0
2010-06-01,41797.0,5912.0
2010-06-08,40478.0,5475.0
2010-06-15,43464.0,5948.0
2010-06-22,46666.0,6615.0
2010-06-29,47455.0,5545.0
2010-07-06,39876.0,4832.0
2010-07-13,39176.0,3994.0
2010-07-20,37827.0,6193.0
2010-07-27,38480.0,8143.0
2010-08-03,43185.0,6730.0
2010-08-10,42597.0,6863.0
2010-08-17,43251.0,7679.0
2010-08-24,42255.0,7448.0
2010-08-31,54472.0,9659.0
2010-09-07,59112.0,11909.0
2010-09-14,60696.0,11905.0
2010-09-21,62013.0,12642.0
2010-09-28,66066.0,14585.0
2010-10-05,63681.0,15198.0
2010-10-12,59615.0,14263.0
2010-10-19,56278.0,12981.0
2010-10-26,53018.0,12509.0
2010-11-02,52625.0,12834.0
2010-11-09,46004.0,13421.0
2010-11-16,40243.0,12139.0
2010-11-23,40307.0,9881.0
2010-11-30,40818.0,6784.0
2010-12-07,42606.0,9637.0
2010-12-14,39450.0,9218.0
2010-12-21,39180.0,8885.0
2010-12-28,41539.0,9420.0
2011-01-04,40483.0,10448.0
2011-01-11,38570.0,9301.0
2011-01-18,40010.0,10357.0
2011-01-25,38699.0,10473.0
2011-02-01,37883.0,7203.0
2011-02-08,44915.0,7852.0
2011-02-15,50718.0,9781.0
2011-02-22,50937.0,11714.0
2011-03-01,49750.0,11848.0
2011-03-08,50394.0,11900.0
2011-03-15,47290.0,12336.0
2011-03-22,47552.0,10777.0
2011-03-29,47764.0,10625.0
2011-04-05,48890.0,12105.0
2011-04-12,46305.0,13583.0
2011-04-19,48325.0,14559.0
2011-04-26,43078.0,18083.0
2011-05-03,42751.0,19397.0
2011-05-10,34239.0,10753.0
2011-05-17,30936.0,13501.0
2011-05-24,31754.0,14171.0
2011-05-31,28870.0,11288.0
2011-06-07,28761.0,11762.0
2011-06-14,29261.0,12674.0
2011-06-21,30454.0,11131.0
2011-06-28,27439.0,11441.0
2011-07-05,28131.0,9296.0
2011-07-12,29967.0,9464.0
2011-07-19,34248.0,13499.0
2011-07-26,37358.0,13445.0
2011-08-02,38265.0,13414.0
2011-08-09,32101.0,13713.0
2011-08-16,32697.0,10769.0
2011-08-23,38756.0,11745.0
2011-08-30,36537.0,9694.0
2011-09-06,37185.0,9978.0
2011-09-13,36588.0,10301.0
2011-09-20,33947.0,11409.0
2011-09-27,25153.0,9728.0
2011-10-04,23859.0,11959.0
2011-10-11,23571.0,11623.0
2011-10-18,23005.0,12653.0
2011-10-25,23660.0,12638.0
2011-11-01,24084.0,11910.0
2011-11-08,24414.0,11474.0
2011-11-15,25822.0,11375.0
2011-11-22,23577.0,10953.0
2011-11-29,23816.0,11722.0
2011-12-06,23211.0,10581.0
2011-12-13,25572.0,11905.0
2011-12-20,24302.0,16874.0
2011-12-27,24026.0,17171.0
2012-01-03,26629.0,16991.0
2012-01-10,26208.0,15137.0
2012-01-17,26209.0,12816.0
2012-01-24,27051.0,10934.0
2012-01-31,28465.0,9374.0
2012-02-07,32239.0,8652.0
2012-02-14,32860.0,7192.0
2012-02-21,34819.0,8154.0
2012-02-28,38012.0,8009.0
2012-03-06,30635.0,7443.0
2012-03-13,28459.0,6643.0
2012-03-20,28489.0,7320.0
2012-03-27,26897.0,8242.0
2012-04-03,29242.0,9187.0
2012-04-10,28154.0,9968.0
2012-04-17,28051.0,9644.0
2012-04-24,28913.0,12442.0
2012-05-01,26855.0,11271.0
2012-05-08,28008.0,15445.0
2012-05-15,27251.0,15777.0
2012-05-22,28018.0,17221.0
2012-05-29,26499.0,17941.0
2012-06-05,27809.0,18015.0
2012-06-12,26716.0,17107.0
2012-06-19,27767.0,17665.0
2012-06-26,28362.0,22140.0
2012-07-03,28662.0,18956.0
2012-07-10,28434.0,19652.0
2012-07-17,28431.0,20775.0
2012-07-24,30291.0,22132.0
2012-07-31,31394.0,18358.0
2012-08-07,31421.0,17741.0
2012-08-14,32317.0,16730.0
2012-08-21,35646.0,14446.0
2012-08-28,39708.0,11070.0
2012-09-04,42283.0,9853.0
2012-09-11,41371.0,9889.0
2012-09-18,43205.0,10650.0
2012-09-25,44778.0,10768.0
2012-10-02,47236.0,9118.0
2012-10-09,49398.0,9573.0
2012-10-16,49041.0,8913.0
2012-10-23,47463.0,9327.0
2012-10-30,46782.0,10565.0
2012-11-06,44230.0,10111.0
2012-11-13,45185.0,10775.0
2012-11-20,47308.0,9347.0
2012-11-27,51084.0,9809.0
2012-12-04,50204.0,8932.0
2012-12-11,48548.0,9048.0
2012-12-18,44889.0,8900.0
2012-12-24,39620.0,8977.0
2012-12-31,38291.0,9104.0
2013-01-08,37257.0,9163.0
2013-01-15,38382.0,9810.0
2013-01-22,41282.0,10189.0
2013-01-29,43089.0,8285.0
2013-02-05,42449.0,6588.0
2013-02-12,40205.0,8133.0
2013-02-19,39057.0,12601.0
2013-02-26,37753.0,16016.0
2013-03-05,38449.0,19846.0
2013-03-12,38637.0,20529.0
2013-03-19,38707.0,23656.0
2013-03-26,37548.0,26144.0
2013-04-02,38201.0,30055.0
2013-04-09,38492.0,30577.0
2013-04-16,39701.0,22103.0
2013-04-23,38817.0,23816.0
2013-04-30,35720.0,23530.0
2013-05-07,35834.0,22183.0
2013-05-14,35690.0,24896.0
2013-05-21,35533.0,26718.0
2013-05-28,34059.0,29468.0
2013-06-04,35051.0,29695.0
2013-06-11,35509.0,31806.0
2013-06-18,35474.0,31570.0
2013-06-25,34505.0,33668.0
2013-07-02,36175.0,31528.0
2013-07-09,36560.0,31539.0
2013-07-16,36775.0,30140.0
2013-07-23,35440.0,29759.0
2013-07-30,35628.0,30653.0
2013-08-06,34627.0,29160.0
2013-08-13,36945.0,24236.0
2013-08-20,37308.0,18800.0
2013-08-27,33147.0,16767.0
2013-09-03,34616.0,15769.0
2013-09-10,32644.0,16810.0
2013-09-17,30889.0,17083.0
2013-09-24,29357.0,16705.0
2013-10-01,31235.0,18460.0
2013-10-08,31887.0,16881.0
2013-10-15,33368.0,18600.0
2013-10-22,35706.0,17498.0
2013-10-29,36674.0,18225.0
2013-11-05,36134.0,17231.0
2013-11-12,37380.0,24344.0
2013-11-19,38586.0,28555.0
2013-11-26,39270.0,32648.0
2013-12-03,40438.0,37537.0
2013-12-10,42551.0,32598.0
2013-12-17,41916.0,30368.0
2013-12-24,42097.0,29999.0
2013-12-31,42083.0,27402.0
2014-01-07,41285.0,23950.0
2014-01-14,41287.0,24798.0
2014-01-21,42334.0,26466.0
2014-01-28,40816.0,30324.0
2014-02-04,41321.0,34333.0
2014-02-11,41279.0,28645.0
2014-02-18,40506.0,16971.0
2014-02-25,44848.0,15911.0
2014-03-04,44297.0,16388.0
2014-03-11,43886.0,17222.0
2014-03-18,44744.0,20372.0
2014-03-25,45500.0,26487.0
2014-04-01,44145.0,29641.0
2014-04-08,45042.0,28780.0
2014-04-15,45957.0,32858.0
2014-04-22,45868.0,31751.0
2014-04-29,46103.0,34052.0
2014-05-06,45772.0,35393.0
2014-05-13,46625.0,35088.0
2014-05-20,45967.0,37891.0
2014-05-27,48126.0,43038.0
2014-06-03,49778.0,49012.0
2014-06-10,48592.0,44486.0
2014-06-17,48333.0,34996.0
2014-06-24,54160.0,24830.0
2014-07-01,60392.0,20093.0
2014-07-08,67029.0,19148.0
2014-07-15,65907.0,16629.0
2014-07-22,64277.0,16752.0
2014-07-29,59030.0,14918.0
2014-08-05,54165.0,19802.0
2014-08-12,53942.0,24245.0
2014-08-19,53677.0,29526.0
2014-08-26,55545.0,33021.0
2014-09-02,59472.0,39917.0
2014-09-09,58910.0,42373.0
2014-09-16,58536.0,47624.0
2014-09-23,55602.0,46780.0
2014-09-30,58730.0,52104.0
2014-10-07,58526.0,49584.0
2014-10-14,58188.0,50451.0
2014-10-21,57236.0,50405.0
2014-10-28,57469.0,51537.0
2014-11-04,58088.0,51146.0
2014-11-11,57465.0,47033.0
2014-11-18,56831.0,45077.0
2014-11-25,52883.0,37427.0
2014-12-02,50686.0,29095.0
2014-12-09,52129.0,23670.0
2014-12-16,52921.0,26432.0
2014-12-23,52057.0,25744.0
2014-12-30,54126.0,24104.0
2015-01-06,54911.0,22872.0
2015-01-13,59808.0,19869.0
2015-01-20,62203.0,15929.0
2015-01-27,65722.0,12375.0
2015-02-03,64166.0,13593.0
2015-02-10,62034.0,15170.0
2015-02-17,61145.0,19822.0
2015-02-24,57348.0,20009.0
2015-03-03,56342.0,25135.0
2015-03-10,57966.0,31994.0
2015-03-17,61649.0,37238.0
2015-03-24,62332.0,30209.0
2015-03-31,65426.0,22314.0
2015-04-07,63241.0,21160.0
2015-04-14,61417.0,26872.0
2015-04-21,60848.0,36523.0
2015-04-28,64340.0,41410.0
2015-05-05,65383.0,37760.0
2015-05-12,65302.0,35964.0
2015-05-19,68171.0,16891.0
2015-05-26,66592.0,15611.0
2015-06-02,63573.0,16728.0
2015-06-09,65881.0,43335.0
2015-06-16,67315.0,51643.0
2015-06-23,74254.0,58697.0
2015-06-30,71886.0,62005.0
2015-07-07,70786.0,63993.0
2015-07-14,66392.0,56839.0
2015-07-21,66576.0,62331.0
2015-07-28,67125.0,60829.0
2015-08-04,66772.0,58367.0
2015-08-11,65566.0,48729.0
2015-08-18,59535.0,45501.0
2015-08-25,58687.0,43129.0
2015-09-01,57866.0,40394.0
2015-09-08,58761.0,40020.0
2015-09-15,60443.0,46180.0
2015-09-22,60413.0,35554.0
2015-09-29,61556.0,38453.0
2015-10-06,68838.0,28052.0
2015-10-13,74575.0,22865.0
2015-10-20,79449.0,22151.0
2015-10-27,82023.0,19578.0
2015-11-03,77220.0,18843.0
2015-11-10,72304.0,33314.0
2015-11-17,72282.0,47028.0
2015-11-24,70210.0,50817.0
2015-12-01,72909.0,51019.0
2015-12-08,70591.0,49331.0
2015-12-15,71479.0,55902.0
2015-12-22,68584.0,45193.0
2015-12-29,68450.0,47746.0
2016-01-05,69779.0,48153.0
2016-01-12,71255.0,48772.0
2016-01-19,68196.0,39238.0
2016-01-26,68920.0,31334.0
2016-02-02,70685.0,32097.0
2016-02-09,78108.0,25426.0
2016-02-16,80249.0,21532.0
2016-02-23,83189.0,21262.0
2016-03-01,78607.0,23127.0
2016-03-08,79879.0,19995.0
2016-03-15,76606.0,18533.0
2016-03-22,82933.0,19504.0
2016-03-29,79493.0,24986.0
2016-04-05,79942.0,27931.0
2016-04-12,87892.0,25424.0
2016-04-19,94988.0,23560.0
2016-04-26,99774.0,21001.0
2016-05-03,100401.0,24526.0
2016-05-10,107844.0,27573.0
2016-05-17,105988.0,28786.0
2016-05-24,97242.0,31358.0
2016-05-31,89815.0,28184.0
2016-06-07,86676.0,29635.0
2016-06-14,97370.0,27731.0
2016-06-21,106942.0,26699.0
2016-06-28,107555.0,23894.0
2016-07-05,111348.0,25594.0
2016-07-12,114376.0,26724.0
2016-07-19,120839.0,26449.0
2016-07-26,123737.0,27660.0
2016-08-02,122676.0,29242.0
2016-08-09,122165.0,31101.0
2016-08-16,118988.0,33999.0
2016-08-23,118356.0,35153.0
2016-08-30,114230.0,29876.0
2016-09-06,118059.0,30031.0
2016-09-13,113792.0,32224.0
2016-09-20,113567.0,30932.0
2016-09-27,116948.0,32086.0
2016-10-04,110764.0,34961.0
2016-10-11,97527.0,34634.0
2016-10-18,94230.0,34944.0
2016-10-25,92213.0,35140.0
2016-11-01,89233.0,27097.0
2016-11-08,89360.0,24091.0
2016-11-15,85575.0,22969.0
2016-11-22,81835.0,21668.0
2016-11-29,79485.0,20445.0
2016-12-06,81495.0,22130.0
2016-12-13,87040.0,20107.0
2016-12-20,83529.0,22635.0
2016-12-27,84330.0,25419.0
2017-01-03,86821.0,25530.0
2017-01-10,88430.0,23829.0
2017-01-17,90838.0,21356.0
2017-01-24,92319.0,21298.0
2017-01-31,96909.0,20935.0
2017-02-07,98560.0,20283.0
2017-02-14,104765.0,19953.0
2017-02-21,108848.0,20831.0
2017-02-28,115229.0,19806.0
2017-03-07,113437.0,19984.0
2017-03-14,102675.0,19797.0
2017-03-21,100337.0,21225.0
2017-03-28,112197.0,21509.0
2017-04-04,126524.0,25142.0
2017-04-11,131969.0,26454.0
2017-04-18,128378.0,24491.0
2017-04-25,121018.0,27405.0
2017-05-02,101538.0,30171.0
2017-05-09,94982.0,41327.0
2017-05-16,100142.0,57138.0
2017-05-23,96531.0,45358.0
2017-05-30,96568.0,35154.0
2017-06-06,101713.0,35772.0
2017-06-13,102702.0,42044.0
2017-06-20,96000.0,49319.0
2017-06-27,93869.0,58337.0
2017-07-03,91996.0,65721.0
2017-07-11,91174.0,77169.0
2017-07-18,90776.0,81400.0
2017-07-25,90865.0,71448.0
2017-08-01,92259.0,61500.0
2017-08-08,91345.0,57481.0
2017-08-15,91596.0,52745.0
2017-08-22,91305.0,46759.0
2017-08-29,92930.0,39285.0
2017-09-05,96374.0,32203.0
2017-09-12,102243.0,27256.0
2017-09-19,99687.0,31884.0
2017-09-26,91812.0,31552.0
2017-10-03,91097.0,31918.0
2017-10-10,92195.0,33087.0
2017-10-17,94825.0,30910.0
2017-10-24,95413.0,30293.0
2017-10-31,95382.0,35230.0
2017-11-07,99872.0,30970.0
2017-11-14,98070.0,28897.0
2017-11-21,98144.0,30503.0
2017-11-28,90138.0,31356.0
2017-12-05,84905.0,53479.0
2017-12-12,77169.0,67255.0
2017-12-19,77575.0,75106.0
2017-12-26,74013.0,69365.0
2018-01-02,75127.0,52377.0
2018-01-09,84313.0,46278.0
2018-01-16,79866.0,42654.0
2018-01-23,76193.0,47112.0
2018-01-30,72145.0,39723.0
2018-02-06,63729.0,47189.0
2018-02-13,64816.0,56105.0
2018-02-20,63200.0,57880.0
2018-02-27,63023.0,64531.0
2018-03-06,68686.0,62500.0
2018-03-13,66707.0,63760.0
2018-03-20,63813.0,76329.0
2018-03-27,60786.0,74443.0
2018-04-03,65969.0,82934.0
2018-04-10,65033.0,79866.0
2018-04-17,66609.0,66696.0
2018-04-24,67802.0,55835.0
2018-05-01,68528.0,75724.0
2018-05-08,72713.0,72834.0
2018-05-15,72663.0,72005.0
2018-05-22,78007.0,62782.0
2018-05-29,83066.0,65613.0
2018-06-05,85070.0,65636.0
2018-06-12,101133.0,51403.0
2018-06-19,95323.0,54421.0
2018-06-26,93565.0,59344.0
2018-07-03,92678.0,67996.0
2018-07-10,90598.0,66899.0
2018-07-17,87176.0,78294.0
2018-07-24,88025.0,84487.0
2018-07-31,89616.0,83752.0
2018-08-07,93016.0,88675.0
2018-08-14,93346.0,96182.0
2018-08-21,91428.0,98586.0
2018-08-28,86540.0,103138.0
2018-09-04,83061.0,112035.0
2018-09-11,81095.0,108498.0
2018-09-18,80024.0,105540.0
2018-09-25,79198.0,102453.0
2018-10-02,75937.0,93435.0
2018-10-09,72135.0,94385.0
2018-10-16,72203.0,87030.0
2018-10-23,75016.0,80195.0
2018-10-30,76053.0,84523.0
2018-11-06,73117.0,75587.0
2018-11-13,74618.0,91763.0
2018-11-20,71646.0,82374.0
2018-11-27,67813.0,78779.0
2018-12-04,69314.0,69949.0
2018-12-11,71136.0,59880.0
2018-12-18,74023.0,54192.0
2018-12-24,77314.0,51764.0
2019-01-08,86786.0,32763.0
2019-01-15,85959.0,33784.0
2019-01-22,83303.0,35147.0
2019-01-29,86074.0,31791.0
2019-02-05,89868.0,32773.0
2019-02-12,89722.0,36519.0
2019-02-19,89135.0,38866.0
2019-02-26,90971.0,32658.0
2019-03-05,76954.0,44433.0
2019-03-12,76183.0,49101.0
2019-03-19,75196.0,51886.0
2019-03-26,76053.0,49864.0
2019-04-02,78993.0,62210.0
2019-04-09,76410.0,59992.0
2019-04-16,76033.0,70148.0
2019-04-23,75889.0,75999.0
2019-04-30,77120.0,74984.0
2019-05-07,77346.0,78303.0
2019-05-14,77542.0,79751.0
2019-05-21,75482.0,90144.0
2019-05-28,73663.0,96072.0
2019-06-04,76653.0,85096.0
2019-06-11,85225.0,82565.0
2019-06-18,93275.0,78759.0
2019-06-25,97573.0,67008.0
2019-07-02,99739.0,69284.0
2019-07-09,96080.0,70929.0
2019-07-16,100449.0,63024.0
2019-07-23,110129.0,55368.0
2019-07-30,111282.0,46985.0
2019-08-06,106034.0,56202.0
2019-08-13,97520.0,58251.0
2019-08-20,95987.0,49273.0
2019-08-27,103488.0,43636.0
2019-09-03,104977.0,42852.0
2019-09-10,100413.0,40182.0
2019-09-17,94625.0,38647.0
2019-09-24,94002.0,43273.0
2019-10-01,89967.0,40152.0
2019-10-08,90092.0,39338.0
2019-10-15,85088.0,41099.0
2019-10-22,89747.0,43004.0
2019-10-29,95368.0,41690.0
2019-11-05,97174.0,49177.0
2019-11-12,89327.0,51963.0
2019-11-19,89898.0,45182.0
2019-11-26,90895.0,38385.0
2019-12-03,89241.0,39014.0
2019-12-10,85617.0,44875.0
2019-12-17,88215.0,42434.0
2019-12-24,101030.0,38608.0
2019-12-31,106310.0,36582.0
2020-01-07,109224.0,41971.0
2020-01-14,110762.0,43389.0
2020-01-21,109144.0,40269.0
2020-01-28,105637.0,42220.0
2020-02-04,97078.0,29275.0
2020-02-11,96395.0,28758.0
2020-02-18,107940.0,30063.0
2020-02-25,107490.0,32697.0
2020-03-03,82570.0,34267.0
2020-03-10,75117.0,30170.0
2020-03-17,61215.0,19247.0
2020-03-24,53077.0,19390.0
2020-03-31,47050.0,16172.0
2020-04-07,46471.0,16754.0
2020-04-14,48003.0,17449.0
2020-04-21,46688.0,18180.0
2020-04-28,45020.0,19515.0
2020-05-05,44052.0,21137.0
2020-05-12,44757.0,18984.0
