,COMEX:黄金:非商业多头持仓:持仓数量,COMEX:黄金:非商业空头持仓:持仓数量
1986-01-15,18589.0,7706.0
1986-01-31,15364.0,9303.0
1986-02-14,5457.0,12229.0
1986-02-28,7991.0,12222.0
1986-03-14,12637.0,11015.0
1986-03-31,9817.0,11406.0
1986-04-15,6805.0,20416.0
1986-04-30,8159.0,10519.0
1986-05-15,4649.0,10375.0
1986-05-30,4982.0,13683.0
1986-06-13,11657.0,10839.0
1986-06-30,5361.0,13631.0
1986-07-15,6735.0,11983.0
1986-07-31,18617.0,9540.0
1986-08-15,23234.0,10589.0
1986-08-29,23229.0,10291.0
1986-09-15,24807.0,10423.0
1986-09-30,22421.0,7840.0
1986-10-15,21274.0,10239.0
1986-10-31,12673.0,9373.0
1986-11-14,15816.0,11905.0
1986-11-28,10148.0,8849.0
1986-12-15,13089.0,11027.0
1986-12-31,9405.0,8347.0
1987-01-15,14063.0,8147.0
1987-01-30,13453.0,9022.0
1987-02-13,7705.0,14024.0
1987-02-27,7349.0,12273.0
1987-03-13,10654.0,10265.0
1987-03-31,18464.0,10076.0
1987-04-15,27260.0,9006.0
1987-04-30,24684.0,12933.0
1987-05-15,32997.0,6294.0
1987-05-29,24267.0,8705.0
1987-06-15,20380.0,11899.0
1987-06-30,15476.0,11621.0
1987-07-15,16101.0,7483.0
1987-07-31,23945.0,6857.0
1987-08-14,18612.0,10402.0
1987-08-31,16503.0,15979.0
1987-09-15,16196.0,12249.0
1987-09-30,17083.0,9981.0
1987-10-15,19848.0,7101.0
1987-10-30,15243.0,9416.0
1987-11-13,10867.0,9427.0
1987-11-30,24270.0,8453.0
1987-12-15,20912.0,9291.0
1987-12-31,14523.0,9354.0
1988-01-15,13275.0,9794.0
1988-01-29,9803.0,19037.0
1988-02-12,3759.0,26630.0
1988-02-29,4067.0,29807.0
1988-03-15,6054.0,23501.0
1988-03-31,5401.0,24023.0
1988-04-15,5491.0,24441.0
1988-04-29,2580.0,19679.0
1988-05-13,4835.0,13402.0
1988-05-31,8320.0,11067.0
1988-06-15,7185.0,10455.0
1988-06-30,4658.0,23026.0
1988-07-15,8779.0,22871.0
1988-07-29,3850.0,18769.0
1988-08-15,4761.0,18548.0
1988-08-31,4905.0,18415.0
1988-09-15,3567.0,27502.0
1988-09-30,4427.0,33064.0
1988-10-14,4517.0,33787.0
1988-10-31,4381.0,31358.0
1988-11-15,8125.0,15896.0
1988-11-30,5517.0,17263.0
1988-12-15,5445.0,17648.0
1988-12-30,6837.0,21800.0
1989-01-13,5233.0,29394.0
1989-01-31,5009.0,37911.0
1989-02-15,5828.0,32830.0
1989-02-28,4394.0,32432.0
1989-03-15,6347.0,25675.0
1989-03-31,3422.0,33947.0
1989-04-14,6079.0,29001.0
1989-04-28,2448.0,32920.0
1989-05-15,6010.0,30245.0
1989-05-31,3414.0,28885.0
1989-06-15,5891.0,24023.0
1989-06-30,8381.0,21462.0
1989-07-14,7662.0,19453.0
1989-07-31,3696.0,18587.0
1989-08-15,6197.0,20394.0
1989-08-31,3477.0,28851.0
1989-09-15,10113.0,23924.0
1989-09-29,5134.0,16802.0
1989-10-13,3906.0,20467.0
1989-10-31,15567.0,12768.0
1989-11-15,22440.0,9204.0
1989-11-30,28985.0,11049.0
1989-12-15,30438.0,8513.0
1989-12-29,22982.0,8581.0
1990-01-15,21782.0,5238.0
1990-01-31,13694.0,7321.0
1990-02-15,20315.0,5565.0
1990-02-28,11965.0,8989.0
1990-03-15,13967.0,18303.0
1990-03-30,9414.0,21463.0
1990-04-12,7110.0,21181.0
1990-04-30,6364.0,20632.0
1990-05-15,5297.0,19403.0
1990-05-31,5233.0,18710.0
1990-06-15,4110.0,26452.0
1990-06-29,4316.0,20190.0
1990-07-13,5878.0,15214.0
1990-07-31,8016.0,5875.0
1990-08-15,23830.0,7522.0
1990-08-31,20892.0,10597.0
1990-09-14,13775.0,7718.0
1990-09-28,24684.0,3187.0
1990-10-15,17794.0,9063.0
1990-10-31,10974.0,9392.0
1990-11-15,5893.0,8204.0
1990-11-30,7264.0,6135.0
1990-12-14,4781.0,10532.0
1990-12-31,9228.0,4426.0
1991-01-15,17648.0,6122.0
1991-01-31,2044.0,14302.0
1991-02-15,2515.0,16880.0
1991-02-28,1612.0,16447.0
1991-03-15,3111.0,14868.0
1991-03-28,1724.0,21208.0
1991-04-15,4002.0,18163.0
1991-04-30,4300.0,25710.0
1991-05-15,6949.0,17450.0
1991-05-31,8125.0,17440.0
1991-06-14,19823.0,11956.0
1991-06-28,18540.0,9247.0
1991-07-15,19663.0,9095.0
1991-07-31,12649.0,15454.0
1991-08-15,12421.0,27321.0
1991-08-30,7227.0,31854.0
1991-09-16,7736.0,29869.0
1991-09-30,9403.0,20755.0
1991-10-15,11464.0,9834.0
1991-10-31,13595.0,10032.0
1991-11-15,10191.0,13131.0
1991-11-29,32242.0,4002.0
1991-12-13,16792.0,6313.0
1991-12-31,9018.0,13620.0
1992-01-15,11190.0,15685.0
1992-01-31,13351.0,12438.0
1992-02-14,13917.0,13429.0
1992-02-28,12912.0,19139.0
1992-03-13,11724.0,26279.0
1992-03-31,10876.0,23488.0
1992-04-15,4260.0,29372.0
1992-04-30,9025.0,27004.0
1992-05-15,10494.0,18809.0
1992-05-29,6295.0,22164.0
1992-06-15,16252.0,9864.0
1992-06-30,13062.0,9401.0
1992-07-15,29782.0,5632.0
1992-07-31,32345.0,6932.0
1992-08-14,6668.0,19887.0
1992-08-31,6194.0,19845.0
1992-09-15,5167.0,13592.0
1992-09-30,6206.0,8706.0
1992-10-06,6573.0,8550.0
1992-10-13,5552.0,10250.0
1992-10-20,3774.0,12210.0
1992-10-27,3248.0,18553.0
1992-11-03,3350.0,20778.0
1992-11-10,5307.0,27347.0
1992-11-17,4157.0,25377.0
1992-11-24,3396.0,23825.0
1992-12-01,2612.0,24775.0
1992-12-08,3555.0,22253.0
1992-12-15,3231.0,22110.0
1992-12-22,6638.0,21541.0
1992-12-29,5600.0,24445.0
1993-01-05,5051.0,26772.0
1993-01-12,3937.0,31804.0
1993-01-19,3271.0,31316.0
1993-01-26,3778.0,25046.0
1993-02-02,4374.0,22924.0
1993-02-09,4978.0,23564.0
1993-02-16,6559.0,17211.0
1993-02-23,6419.0,15221.0
1993-03-02,5831.0,19213.0
1993-03-09,5010.0,29273.0
1993-03-16,10013.0,25153.0
1993-03-23,16471.0,14010.0
1993-03-30,32032.0,9314.0
1993-04-06,44080.0,3972.0
1993-04-13,44184.0,3174.0
1993-04-20,43522.0,7029.0
1993-04-27,57655.0,7490.0
1993-05-04,65914.0,9316.0
1993-05-11,65778.0,11210.0
1993-05-18,73031.0,5758.0
1993-05-25,61808.0,8643.0
1993-06-01,61163.0,10146.0
1993-06-08,56205.0,9226.0
1993-06-15,49164.0,10595.0
1993-06-22,54439.0,11130.0
1993-06-29,60965.0,12036.0
1993-07-06,73775.0,17138.0
1993-07-13,76537.0,13336.0
1993-07-20,74337.0,9855.0
1993-07-27,69330.0,10481.0
1993-08-03,82076.0,12479.0
1993-08-10,55725.0,13359.0
1993-08-17,41868.0,12872.0
1993-08-24,44404.0,11738.0
1993-08-31,48894.0,12805.0
1993-09-07,45493.0,18741.0
1993-09-14,38360.0,17840.0
1993-09-21,32735.0,16165.0
1993-09-28,31272.0,15137.0
1993-10-05,29815.0,16588.0
1993-10-12,36607.0,10716.0
1993-10-19,37249.0,9111.0
1993-10-26,41405.0,10361.0
1993-11-02,37080.0,11946.0
1993-11-09,44920.0,13504.0
1993-11-16,41735.0,6983.0
1993-11-23,42924.0,7011.0
1993-11-30,35713.0,11162.0
1993-12-07,40747.0,8594.0
1993-12-14,52864.0,7980.0
1993-12-21,53916.0,8322.0
1993-12-28,54009.0,8224.0
1994-01-04,59294.0,9532.0
1994-01-11,50144.0,8811.0
1994-01-18,51621.0,6893.0
1994-01-25,38287.0,9784.0
1994-02-01,35258.0,14480.0
1994-02-08,34704.0,14233.0
1994-02-15,34398.0,13788.0
1994-02-22,30012.0,17832.0
1994-03-01,33205.0,25729.0
1994-03-08,28210.0,27146.0
1994-03-15,35954.0,15216.0
1994-03-22,37614.0,15374.0
1994-03-29,39949.0,16234.0
1994-04-05,35281.0,17876.0
1994-04-12,30231.0,27193.0
1994-04-19,25666.0,42487.0
1994-04-26,21360.0,48075.0
1994-05-03,23855.0,49230.0
1994-05-10,25958.0,34299.0
1994-05-17,30099.0,32281.0
1994-05-24,37509.0,29218.0
1994-05-31,45219.0,23705.0
1994-06-07,31353.0,25920.0
1994-06-14,33843.0,23618.0
1994-06-21,55391.0,21845.0
1994-06-28,39328.0,23394.0
1994-07-05,36631.0,23603.0
1994-07-12,32962.0,23307.0
1994-07-19,33006.0,22995.0
1994-07-26,34041.0,22650.0
1994-08-02,33034.0,37935.0
1994-08-09,32524.0,46074.0
1994-08-16,27649.0,45377.0
1994-08-23,30405.0,38306.0
1994-08-30,38628.0,23584.0
1994-09-06,40107.0,21267.0
1994-09-13,42907.0,11099.0
1994-09-20,58124.0,11079.0
1994-09-27,66886.0,8688.0
1994-10-04,66676.0,9236.0
1994-10-11,38255.0,10971.0
1994-10-18,32979.0,15993.0
1994-10-25,35388.0,13717.0
1994-11-01,30039.0,37703.0
1994-11-08,30702.0,41118.0
1994-11-15,26522.0,41122.0
1994-11-22,23152.0,37251.0
1994-11-29,19279.0,39679.0
1994-12-06,14632.0,59710.0
1994-12-13,14093.0,60972.0
1994-12-20,14095.0,54202.0
1994-12-27,13482.0,53710.0
1995-01-03,13004.0,47070.0
1995-01-10,14517.0,64096.0
1995-01-17,15750.0,53584.0
1995-01-24,16319.0,38237.0
1995-01-31,14708.0,45288.0
1995-02-07,15943.0,47046.0
1995-02-14,15637.0,44891.0
1995-02-21,15597.0,39363.0
1995-02-28,14603.0,43836.0
1995-03-07,15813.0,25347.0
1995-03-14,19918.0,12967.0
1995-03-21,15352.0,11719.0
1995-03-28,12659.0,11818.0
1995-04-04,39871.0,6180.0
1995-04-11,43265.0,6820.0
1995-04-18,44945.0,6259.0
1995-04-25,42702.0,6829.0
1995-05-02,25653.0,6962.0
1995-05-09,12615.0,13750.0
1995-05-16,13179.0,19220.0
1995-05-23,11361.0,21878.0
1995-05-30,11716.0,17770.0
1995-06-06,13907.0,18187.0
1995-06-13,17242.0,12814.0
1995-06-20,33046.0,6879.0
1995-06-27,29025.0,7584.0
1995-07-03,18389.0,21962.0
1995-07-11,14673.0,26780.0
1995-07-18,20360.0,12480.0
1995-07-25,16627.0,14624.0
1995-08-01,13084.0,40233.0
1995-08-08,15272.0,46262.0
1995-08-15,14838.0,32053.0
1995-08-22,12195.0,45313.0
1995-08-29,11333.0,47660.0
1995-09-05,12639.0,53989.0
1995-09-12,15444.0,44478.0
1995-09-19,16915.0,38672.0
1995-09-26,14513.0,41360.0
1995-10-03,13167.0,44756.0
1995-10-10,15392.0,40580.0
1995-10-17,13493.0,41915.0
1995-10-24,13266.0,54685.0
1995-10-31,14314.0,52943.0
1995-11-07,15493.0,41697.0
1995-11-14,23423.0,15186.0
1995-11-21,17247.0,14347.0
1995-11-28,14863.0,17285.0
1995-12-05,15236.0,15528.0
1995-12-12,24462.0,13377.0
1995-12-19,16148.0,13121.0
1995-12-26,15493.0,13233.0
1996-01-02,22223.0,11829.0
1996-01-09,56064.0,6413.0
1996-01-16,64825.0,6689.0
1996-01-23,72631.0,3289.0
1996-01-30,73978.0,6284.0
1996-02-06,72958.0,9113.0
1996-02-13,55477.0,6884.0
1996-02-20,49123.0,8013.0
1996-02-27,44106.0,5830.0
1996-03-05,32146.0,9856.0
1996-03-12,34232.0,9423.0
1996-03-19,29171.0,12107.0
1996-03-26,39469.0,7768.0
1996-04-02,36397.0,11592.0
1996-04-09,42220.0,12257.0
1996-04-16,24271.0,17681.0
1996-04-23,24144.0,23597.0
1996-04-30,24448.0,25486.0
1996-05-07,25875.0,21051.0
1996-05-14,23187.0,28223.0
1996-05-21,23277.0,34180.0
1996-05-28,23843.0,31809.0
1996-06-04,25230.0,37997.0
1996-06-11,16825.0,53384.0
1996-06-18,18772.0,50728.0
1996-06-25,18980.0,49010.0
1996-07-02,13499.0,52310.0
1996-07-09,13856.0,49630.0
1996-07-16,10183.0,42189.0
1996-07-23,10760.0,38907.0
1996-07-30,11780.0,35384.0
1996-08-06,14155.0,17964.0
1996-08-13,13969.0,17399.0
1996-08-20,12948.0,19352.0
1996-08-27,14313.0,16841.0
1996-09-03,10839.0,27442.0
1996-09-10,10988.0,58020.0
1996-09-17,11628.0,63874.0
1996-09-24,9958.0,65772.0
1996-10-01,10856.0,69120.0
1996-10-08,12001.0,66246.0
1996-10-15,14657.0,65430.0
1996-10-22,12240.0,48255.0
1996-10-29,10169.0,54543.0
1996-11-05,10481.0,64187.0
1996-11-12,13614.0,53794.0
1996-11-19,10143.0,50202.0
1996-11-26,10662.0,65255.0
1996-12-03,11865.0,65840.0
1996-12-10,13689.0,51181.0
1996-12-17,12219.0,49246.0
1996-12-24,11874.0,49415.0
1996-12-31,11848.0,53773.0
1997-01-07,11368.0,59524.0
1997-01-14,7643.0,60612.0
1997-01-21,7815.0,58085.0
1997-01-28,10226.0,49182.0
1997-02-04,7438.0,55221.0
1997-02-11,8403.0,55053.0
1997-02-18,14150.0,48011.0
1997-02-25,14009.0,35250.0
1997-03-04,21214.0,18641.0
1997-03-11,15219.0,16432.0
1997-03-18,12800.0,23671.0
1997-03-25,16865.0,23580.0
1997-04-01,10496.0,19958.0
1997-04-08,10019.0,18882.0
1997-04-15,8895.0,37248.0
1997-04-22,9131.0,46631.0
1997-04-29,8071.0,48003.0
1997-05-06,8661.0,48910.0
1997-05-13,14204.0,31887.0
1997-05-20,10213.0,40450.0
1997-05-27,10253.0,39801.0
1997-06-03,8479.0,39277.0
1997-06-10,7903.0,44095.0
1997-06-17,8277.0,45856.0
1997-06-24,9490.0,64083.0
1997-07-01,5230.0,72241.0
1997-07-08,6339.0,78779.0
1997-07-15,7397.0,81985.0
1997-07-22,10794.0,72280.0
1997-07-29,11544.0,68170.0
1997-08-05,6513.0,77419.0
1997-08-12,14018.0,63722.0
1997-08-19,7183.0,63592.0
1997-08-26,7589.0,59131.0
1997-09-02,6674.0,66468.0
1997-09-09,6595.0,66009.0
1997-09-16,4357.0,66787.0
1997-09-23,4678.0,67575.0
1997-09-30,22302.0,42134.0
1997-10-07,41536.0,38086.0
1997-10-14,30291.0,38030.0
1997-10-21,13909.0,43706.0
1997-10-28,7117.0,71623.0
1997-11-04,8017.0,71591.0
1997-11-11,8834.0,68744.0
1997-11-18,13705.0,64354.0
1997-11-25,9687.0,69449.0
1997-12-02,10682.0,71170.0
1997-12-09,10623.0,73243.0
1997-12-16,9866.0,68635.0
1997-12-23,10200.0,61984.0
1997-12-30,9580.0,60624.0
1998-01-06,9714.0,68298.0
1998-01-13,9852.0,68380.0
1998-01-20,10105.0,61779.0
1998-01-27,12390.0,36522.0
1998-02-03,14549.0,38547.0
1998-02-10,15393.0,36662.0
1998-02-17,14602.0,38649.0
1998-02-24,13023.0,46469.0
1998-03-03,15161.0,43053.0
1998-03-10,13496.0,48149.0
1998-03-17,7047.0,58345.0
1998-03-24,6820.0,48971.0
1998-03-31,14151.0,35778.0
1998-04-07,35912.0,30665.0
1998-04-14,39334.0,31138.0
1998-04-21,41712.0,29121.0
1998-04-28,41569.0,23684.0
1998-05-05,33098.0,27867.0
1998-05-12,12860.0,31575.0
1998-05-19,12490.0,29737.0
1998-05-26,11717.0,33923.0
1998-06-02,7556.0,60612.0
1998-06-09,7000.0,58174.0
1998-06-16,5082.0,65909.0
1998-06-23,5441.0,42956.0
1998-06-30,5022.0,40939.0
1998-07-07,8467.0,42482.0
1998-07-14,6518.0,44177.0
1998-07-21,6425.0,40077.0
1998-07-28,7801.0,47568.0
1998-08-04,8618.0,67413.0
1998-08-11,9059.0,68769.0
1998-08-18,12089.0,71699.0
1998-08-25,10539.0,72049.0
1998-09-01,6779.0,76568.0
1998-09-08,7890.0,59215.0
1998-09-15,10405.0,30520.0
1998-09-22,13273.0,32286.0
1998-09-29,18982.0,24893.0
1998-10-06,36588.0,12919.0
1998-10-13,32954.0,12822.0
1998-10-20,29034.0,13243.0
1998-10-27,21174.0,13968.0
1998-11-03,9917.0,27612.0
1998-11-10,11354.0,18465.0
1998-11-17,15147.0,11960.0
1998-11-24,17284.0,10369.0
1998-12-01,12857.0,16775.0
1998-12-08,12306.0,17456.0
1998-12-15,8951.0,23617.0
1998-12-22,8703.0,35495.0
1998-12-29,8174.0,42760.0
1999-01-05,9127.0,53151.0
1999-01-12,11435.0,53161.0
1999-01-19,9596.0,64878.0
1999-01-26,9861.0,70853.0
1999-02-02,13654.0,73572.0
1999-02-09,10261.0,71310.0
1999-02-16,8862.0,77268.0
1999-02-23,8938.0,79003.0
1999-03-02,17147.0,75294.0
1999-03-09,32899.0,35104.0
1999-03-16,11160.0,39610.0
1999-03-23,7997.0,62020.0
1999-03-30,6836.0,87076.0
1999-04-06,9350.0,97713.0
1999-04-13,11955.0,93046.0
1999-04-20,12075.0,85765.0
1999-04-27,14087.0,94179.0
1999-05-04,18454.0,68306.0
1999-05-11,12626.0,75976.0
1999-05-18,8173.0,88719.0
1999-05-25,7689.0,93127.0
1999-06-01,9625.0,88396.0
1999-06-08,9281.0,94516.0
1999-06-15,10132.0,95118.0
1999-06-22,9930.0,96789.0
1999-06-29,8971.0,92582.0
1999-07-06,8728.0,95291.0
1999-07-13,9914.0,88774.0
1999-07-20,10323.0,89538.0
1999-07-27,13624.0,81518.0
1999-08-03,17758.0,74198.0
1999-08-10,15272.0,70336.0
1999-08-17,21260.0,56502.0
1999-08-24,16211.0,75298.0
1999-08-31,17219.0,78710.0
1999-09-07,16931.0,79841.0
1999-09-14,18500.0,72632.0
1999-09-21,27235.0,65077.0
1999-09-28,47881.0,62196.0
1999-10-05,43094.0,64951.0
1999-10-12,35722.0,52723.0
1999-10-19,35601.0,52897.0
1999-10-26,33470.0,47085.0
1999-11-02,27786.0,43069.0
1999-11-09,23669.0,42788.0
1999-11-16,28090.0,25319.0
1999-11-23,33610.0,24256.0
1999-11-30,31811.0,25682.0
1999-12-07,24409.0,27381.0
1999-12-14,10261.0,30814.0
1999-12-21,11393.0,39362.0
1999-12-28,10876.0,39829.0
2000-01-04,12360.0,41068.0
2000-01-11,17699.0,41917.0
2000-01-18,19895.0,26998.0
2000-01-25,19469.0,25003.0
2000-02-01,19414.0,28247.0
2000-02-08,40614.0,31600.0
2000-02-15,42107.0,21410.0
2000-02-22,52079.0,21071.0
2000-02-29,41099.0,22312.0
2000-03-07,38403.0,19732.0
2000-03-14,34577.0,17282.0
2000-03-21,33068.0,18135.0
2000-03-28,15152.0,29437.0
2000-04-04,19129.0,42440.0
2000-04-11,18432.0,40617.0
2000-04-18,18580.0,38933.0
2000-04-25,17428.0,44970.0
2000-05-02,18529.0,51124.0
2000-05-09,19708.0,45430.0
2000-05-16,15748.0,45278.0
2000-05-23,17625.0,53467.0
2000-05-30,19861.0,60485.0
2000-06-06,26029.0,30046.0
2000-06-13,31474.0,16814.0
2000-06-20,32680.0,13622.0
2000-06-27,31821.0,15602.0
2000-07-05,31351.0,15523.0
2000-07-11,29093.0,16695.0
2000-07-18,26606.0,17591.0
2000-07-25,24352.0,20809.0
2000-08-01,23120.0,28717.0
2000-08-08,21171.0,46194.0
2000-08-15,19597.0,52483.0
2000-08-22,22255.0,48476.0
2000-08-29,22128.0,50766.0
2000-09-05,23403.0,42285.0
2000-09-12,22031.0,49029.0
2000-09-19,22874.0,53435.0
2000-09-26,24033.0,49984.0
2000-10-03,23444.0,43555.0
2000-10-10,25477.0,51003.0
2000-10-17,29308.0,46045.0
2000-10-24,30738.0,49309.0
2000-10-31,24308.0,56030.0
2000-11-07,22498.0,56618.0
2000-11-14,16145.0,61121.0
2000-11-21,16495.0,62951.0
2000-11-28,16405.0,52606.0
2000-12-05,16902.0,43823.0
2000-12-12,18834.0,36776.0
2000-12-19,17208.0,39376.0
2000-12-26,18940.0,33199.0
2001-01-02,17745.0,41480.0
2001-01-09,15778.0,54004.0
2001-01-16,13743.0,70903.0
2001-01-23,15626.0,73324.0
2001-01-30,18847.0,72662.0
2001-02-06,16396.0,69102.0
2001-02-13,15639.0,74611.0
2001-02-20,16291.0,83022.0
2001-02-27,17753.0,68548.0
2001-03-06,17806.0,59788.0
2001-03-13,19050.0,43294.0
2001-03-20,11598.0,49567.0
2001-03-27,12006.0,45310.0
2001-04-03,10226.0,61580.0
2001-04-10,10961.0,69094.0
2001-04-17,10091.0,55660.0
2001-04-24,11752.0,46763.0
2001-05-01,12738.0,40708.0
2001-05-08,12867.0,38655.0
2001-05-15,28829.0,27298.0
2001-05-22,53505.0,14569.0
2001-05-29,55117.0,11881.0
2001-06-05,34718.0,9707.0
2001-06-12,32243.0,13688.0
2001-06-19,33983.0,14981.0
2001-06-26,37204.0,15131.0
2001-07-03,32764.0,16594.0
2001-07-10,31178.0,20576.0
2001-07-17,30150.0,19384.0
2001-07-24,31387.0,18013.0
2001-07-31,24089.0,26795.0
2001-08-07,25067.0,26757.0
2001-08-14,50435.0,17566.0
2001-08-21,57049.0,17515.0
2001-08-28,46567.0,18745.0
2001-09-04,44767.0,18850.0
2001-09-10,42337.0,21513.0
2001-09-18,47155.0,18007.0
2001-09-25,55700.0,19062.0
2001-10-02,54976.0,19721.0
2001-10-09,53926.0,21148.0
2001-10-16,43774.0,19686.0
2001-10-23,35467.0,20788.0
2001-10-30,32041.0,19881.0
2001-11-06,32582.0,19052.0
2001-11-13,29312.0,23885.0
2001-11-20,25380.0,34553.0
2001-11-27,23633.0,35773.0
2001-12-04,26142.0,36171.0
2001-12-11,25806.0,47523.0
2001-12-18,30819.0,31680.0
2001-12-21,28075.0,30978.0
2001-12-28,28829.0,29474.0
2002-01-08,29232.0,23876.0
2002-01-15,47510.0,18069.0
2002-01-22,44800.0,18871.0
2002-01-29,29044.0,16610.0
2002-02-05,53810.0,19722.0
2002-02-12,61706.0,25373.0
2002-02-19,61748.0,27384.0
2002-02-26,58404.0,29325.0
2002-03-05,55673.0,25211.0
2002-03-12,50525.0,20039.0
2002-03-19,48393.0,20406.0
2002-03-26,53695.0,19301.0
2002-04-02,62448.0,24787.0
2002-04-09,63780.0,27273.0
2002-04-16,58851.0,26769.0
2002-04-23,65168.0,25503.0
2002-04-30,73449.0,27382.0
2002-05-07,76757.0,32322.0
2002-05-14,70071.0,32232.0
2002-05-21,75332.0,28418.0
2002-05-28,75210.0,33887.0
2002-06-04,73044.0,31101.0
2002-06-11,68206.0,21750.0
2002-06-18,63445.0,22204.0
2002-06-25,62956.0,24989.0
2002-07-02,53434.0,23361.0
2002-07-09,45598.0,22970.0
2002-07-16,47062.0,23151.0
2002-07-23,48196.0,21958.0
2002-07-30,27460.0,27075.0
2002-08-06,24859.0,23882.0
2002-08-13,25632.0,26108.0
2002-08-20,28280.0,23572.0
2002-08-27,27532.0,25150.0
2002-09-03,29706.0,23591.0
2002-09-10,45693.0,25872.0
2002-09-17,46110.0,20924.0
2002-09-24,68074.0,25893.0
2002-10-01,67739.0,25037.0
2002-10-08,61992.0,24320.0
2002-10-15,40830.0,24916.0
2002-10-22,34838.0,25376.0
2002-10-29,33696.0,18365.0
2002-11-05,38982.0,18997.0
2002-11-12,57600.0,20693.0
2002-11-19,56665.0,18809.0
2002-11-26,52488.0,14934.0
2002-12-03,48545.0,15584.0
2002-12-10,73216.0,21857.0
2002-12-17,86949.0,31749.0
2002-12-23,86100.0,28995.0
2002-12-31,88002.0,28497.0
2003-01-07,93664.0,30101.0
2003-01-14,93046.0,32384.0
2003-01-21,95013.0,33331.0
2003-01-28,91912.0,35045.0
2003-02-04,105154.0,38340.0
2003-02-11,89620.0,39511.0
2003-02-14,69759.0,33952.0
2003-02-25,60864.0,33899.0
2003-03-04,60149.0,29173.0
2003-03-11,62022.0,28473.0
2003-03-18,51897.0,30476.0
2003-03-25,45220.0,15690.0
2003-04-01,40659.0,16292.0
2003-04-08,45496.0,19799.0
2003-04-15,47667.0,26362.0
2003-04-22,50301.0,25224.0
2003-04-29,49345.0,24578.0
2003-05-06,53877.0,14586.0
2003-05-13,58093.0,15673.0
2003-05-20,79694.0,13953.0
2003-05-27,78295.0,9546.0
2003-06-03,94155.0,9108.0
2003-06-10,79118.0,13519.0
2003-06-17,81499.0,17324.0
2003-06-24,65690.0,16806.0
2003-07-01,59522.0,14308.0
2003-07-08,56977.0,15649.0
2003-07-15,51045.0,23530.0
2003-07-22,60068.0,20659.0
2003-07-29,93311.0,17864.0
2003-08-05,75623.0,17812.0
2003-08-12,84578.0,18065.0
2003-08-19,104223.0,14225.0
2003-08-26,117340.0,17113.0
2003-09-02,146230.0,23383.0
2003-09-09,151530.0,36438.0
2003-09-16,144818.0,39002.0
2003-09-23,146587.0,38919.0
2003-09-30,136571.0,41383.0
2003-10-07,110811.0,30046.0
2003-10-14,108615.0,31723.0
2003-10-21,115942.0,35078.0
2003-10-28,126193.0,35580.0
2003-11-04,119702.0,35092.0
2003-11-11,124456.0,41878.0
2003-11-18,136229.0,43069.0
2003-11-25,134093.0,26065.0
2003-12-02,142642.0,29787.0
2003-12-09,140647.0,33619.0
2003-12-16,148033.0,31925.0
2003-12-22,143783.0,35511.0
2003-12-30,146647.0,34047.0
2004-01-06,151691.0,35706.0
2004-01-13,147745.0,40513.0
2004-01-20,125320.0,40285.0
2004-01-27,118100.0,32044.0
2004-02-03,95128.0,27564.0
2004-02-10,95652.0,35366.0
2004-02-17,106632.0,36327.0
2004-02-24,95788.0,32730.0
2004-03-02,83802.0,39923.0
2004-03-09,95130.0,34591.0
2004-03-16,98116.0,35637.0
2004-03-23,144353.0,41842.0
2004-03-30,159753.0,34615.0
2004-04-06,176285.0,32032.0
2004-04-12,174575.0,35879.0
2004-04-20,109438.0,36162.0
2004-04-27,98229.0,40425.0
2004-05-04,91845.0,37182.0
2004-05-11,86776.0,48760.0
2004-05-18,82288.0,54775.0
2004-05-25,76713.0,54504.0
2004-06-01,78293.0,46310.0
2004-06-08,78878.0,48547.0
2004-06-15,80534.0,51418.0
2004-06-22,83340.0,43442.0
2004-06-29,86673.0,46506.0
2004-07-06,82019.0,50616.0
2004-07-13,112049.0,41615.0
2004-07-20,114160.0,43702.0
2004-07-27,78464.0,45149.0
2004-08-03,81545.0,47091.0
2004-08-10,85056.0,38949.0
2004-08-17,91881.0,38091.0
2004-08-24,126481.0,41720.0
2004-08-31,130720.0,50223.0
2004-09-07,111967.0,49824.0
2004-09-14,101047.0,46191.0
2004-09-21,108228.0,43901.0
2004-09-28,124815.0,42697.0
2004-10-05,162941.0,48849.0
2004-10-12,165529.0,50392.0
2004-10-19,172649.0,51735.0
2004-10-26,185342.0,57447.0
2004-11-02,176069.0,64632.0
2004-11-09,187528.0,69675.0
2004-11-16,196371.0,73370.0
2004-11-23,202921.0,64289.0
2004-11-30,201218.0,72765.0
2004-12-07,211208.0,78861.0
2004-12-14,160002.0,72208.0
2004-12-21,162396.0,72143.0
2004-12-28,169514.0,70761.0
2005-01-04,140471.0,67228.0
2005-01-11,109497.0,72710.0
2005-01-18,107825.0,78259.0
2005-01-25,107378.0,79033.0
2005-02-01,102388.0,74270.0
2005-02-08,97630.0,86455.0
2005-02-15,109421.0,87714.0
2005-02-22,119318.0,80413.0
2005-03-01,135741.0,79060.0
2005-03-08,143930.0,73453.0
2005-03-15,178724.0,67602.0
2005-03-22,148089.0,56328.0
2005-03-29,139491.0,37970.0
2005-04-05,143487.0,37223.0
2005-04-12,150611.0,37267.0
2005-04-19,152815.0,38423.0
2005-04-26,173826.0,36049.0
2005-05-03,153914.0,46186.0
2005-05-10,134719.0,54341.0
2005-05-17,124569.0,68625.0
2005-05-24,114965.0,75456.0
2005-05-31,113002.0,80037.0
2005-06-07,111796.0,72689.0
2005-06-14,119458.0,62597.0
2005-06-21,162238.0,53728.0
2005-06-28,175520.0,45589.0
2005-07-05,146733.0,41859.0
2005-07-12,124585.0,50863.0
2005-07-19,116572.0,62461.0
2005-07-26,110685.0,61663.0
2005-08-02,118941.0,53372.0
2005-08-09,168613.0,50914.0
2005-08-16,208558.0,50951.0
2005-08-23,206898.0,47211.0
2005-08-30,158841.0,49008.0
2005-09-06,159922.0,44670.0
2005-09-13,175285.0,48487.0
2005-09-20,219963.0,61837.0
2005-09-27,219648.0,53548.0
2005-10-04,229464.0,57966.0
2005-10-11,234060.0,56650.0
2005-10-18,224424.0,54000.0
2005-10-25,206809.0,53457.0
2005-11-01,180554.0,49986.0
2005-11-08,167250.0,44139.0
2005-11-15,177421.0,47735.0
2005-11-22,201765.0,38783.0
2005-11-29,199521.0,40616.0
2005-12-06,208466.0,41053.0
2005-12-13,189931.0,33600.0
2005-12-20,182723.0,26553.0
2005-12-27,179324.0,24802.0
2006-01-03,180688.0,29726.0
2006-01-10,184408.0,38602.0
2006-01-17,191650.0,43171.0
2006-01-24,188928.0,46079.0
2006-01-31,187406.0,48156.0
2006-02-07,180971.0,53622.0
2006-02-14,167910.0,48996.0
2006-02-21,163886.0,45202.0
2006-02-28,169963.0,42593.0
2006-03-07,167144.0,46255.0
2006-03-14,143697.0,47757.0
2006-03-21,149946.0,45682.0
2006-03-28,163056.0,42470.0
2006-04-04,178040.0,45832.0
2006-04-11,175000.0,50668.0
2006-04-18,177870.0,47576.0
2006-04-25,175346.0,45968.0
2006-05-02,177709.0,47421.0
2006-05-09,175709.0,41773.0
2006-05-16,163773.0,37616.0
2006-05-23,144247.0,33149.0
2006-05-30,133475.0,31988.0
2006-06-06,134649.0,38753.0
2006-06-13,138766.0,39479.0
2006-06-20,131864.0,41643.0
2006-06-27,128310.0,42686.0
2006-07-03,131186.0,39266.0
2006-07-11,142194.0,40265.0
2006-07-18,143202.0,35828.0
2006-07-25,132268.0,30713.0
2006-08-01,132781.0,30020.0
2006-08-08,138971.0,32873.0
2006-08-15,132019.0,31475.0
2006-08-22,128897.0,32949.0
2006-08-29,124421.0,36705.0
2006-09-05,133991.0,35657.0
2006-09-12,121455.0,37233.0
2006-09-19,116119.0,38251.0
2006-09-26,108117.0,36873.0
2006-10-03,107570.0,38136.0
2006-10-10,106211.0,43762.0
2006-10-17,107993.0,46734.0
2006-10-24,104099.0,48049.0
2006-10-31,107472.0,42756.0
2006-11-07,121406.0,40240.0
2006-11-14,126907.0,38073.0
2006-11-21,123021.0,38728.0
2006-11-28,120078.0,40212.0
2006-12-05,122145.0,38506.0
2006-12-12,120128.0,38299.0
2006-12-19,109682.0,39789.0
2006-12-26,110486.0,42394.0
2007-01-03,120639.0,42756.0
2007-01-09,105157.0,52289.0
2007-01-16,109386.0,46436.0
2007-01-23,128463.0,43962.0
2007-01-30,143964.0,43619.0
2007-02-06,151891.0,43345.0
2007-02-13,167479.0,42729.0
2007-02-20,168838.0,38905.0
2007-02-27,182456.0,40364.0
2007-03-06,136421.0,34723.0
2007-03-13,129078.0,32736.0
2007-03-20,125201.0,31777.0
2007-03-27,126413.0,31290.0
2007-04-03,131858.0,37913.0
2007-04-10,150573.0,37617.0
2007-04-17,170601.0,35243.0
2007-04-24,169703.0,35861.0
2007-05-01,163823.0,33378.0
2007-05-08,168350.0,32064.0
2007-05-15,149772.0,35874.0
2007-05-22,141294.0,45479.0
2007-05-29,134404.0,39507.0
2007-06-05,143052.0,35435.0
2007-06-12,125076.0,49180.0
2007-06-19,126207.0,44602.0
2007-06-26,119068.0,55991.0
2007-07-03,109652.0,43990.0
2007-07-10,113510.0,41290.0
2007-07-17,114788.0,35069.0
2007-07-24,154251.0,31321.0
2007-07-31,113706.0,32817.0
2007-08-07,123391.0,34020.0
2007-08-14,118978.0,24767.0
2007-08-21,102578.0,33648.0
2007-08-28,103844.0,26633.0
2007-09-04,126346.0,29366.0
2007-09-11,155317.0,28648.0
2007-09-18,168140.0,26490.0
2007-09-25,201188.0,27143.0
2007-10-02,210766.0,34871.0
2007-10-09,221749.0,31053.0
2007-10-16,238432.0,36573.0
2007-10-23,226875.0,40571.0
2007-10-30,232622.0,34016.0
2007-11-06,241475.0,39350.0
2007-11-13,228360.0,37575.0
2007-11-20,213234.0,40844.0
2007-11-27,206498.0,31417.0
2007-12-04,190888.0,23364.0
2007-12-11,196529.0,24755.0
2007-12-18,197789.0,27516.0
2007-12-24,210521.0,26146.0
2007-12-31,227112.0,27674.0
2008-01-08,238089.0,32685.0
2008-01-15,247106.0,35059.0
2008-01-22,241183.0,36108.0
2008-01-29,237252.0,31472.0
2008-02-05,234852.0,31110.0
2008-02-12,240806.0,34210.0
2008-02-19,251717.0,39458.0
2008-02-26,250270.0,40907.0
2008-03-04,240597.0,44817.0
2008-03-11,239048.0,42705.0
2008-03-18,232427.0,40418.0
2008-03-25,214651.0,38909.0
2008-04-01,190958.0,29680.0
2008-04-08,196823.0,31430.0
2008-04-15,202910.0,30933.0
2008-04-22,201865.0,34242.0
2008-04-29,194844.0,34196.0
2008-05-06,192719.0,36752.0
2008-05-13,197809.0,44871.0
2008-05-20,216324.0,34205.0
2008-05-27,220954.0,29442.0
2008-06-03,200544.0,30333.0
2008-06-10,189175.0,37927.0
2008-06-17,180637.0,29447.0
2008-06-24,190218.0,36680.0
2008-07-01,223539.0,35860.0
2008-07-08,225045.0,35443.0
2008-07-15,240934.0,38151.0
2008-07-22,231170.0,36517.0
2008-07-29,212285.0,29966.0
2008-08-05,192528.0,28800.0
2008-08-12,159313.0,28653.0
2008-08-19,144104.0,31738.0
2008-08-26,147240.0,41961.0
2008-09-02,139251.0,46060.0
2008-09-09,133946.0,51291.0
2008-09-16,147720.0,57429.0
2008-09-23,156812.0,35796.0
2008-09-30,141026.0,23240.0
2008-10-07,137672.0,26059.0
2008-10-14,131093.0,24268.0
2008-10-21,125951.0,26749.0
2008-10-28,117638.0,39323.0
2008-11-04,118166.0,49971.0
2008-11-11,116351.0,52392.0
2008-11-18,111063.0,46234.0
2008-11-25,115014.0,33142.0
2008-12-02,111592.0,27223.0
2008-12-09,111284.0,28129.0
2008-12-16,132674.0,24425.0
2008-12-22,141246.0,21458.0
2008-12-30,146292.0,20331.0
2009-01-06,152569.0,18965.0
2009-01-13,146167.0,18549.0
2009-01-20,146910.0,22973.0
2009-01-27,165652.0,24538.0
2009-02-03,181020.0,25714.0
2009-02-10,188898.0,25276.0
2009-02-17,195966.0,30045.0
2009-02-24,199830.0,37965.0
2009-03-03,189580.0,30287.0
2009-03-10,178160.0,33372.0
2009-03-17,175190.0,24795.0
2009-03-24,178635.0,26708.0
2009-03-31,182986.0,28127.0
2009-04-07,165377.0,37565.0
2009-04-14,165866.0,35971.0
2009-04-21,164328.0,35961.0
2009-04-28,166821.0,37721.0
2009-05-05,171493.0,41502.0
2009-05-12,184509.0,45632.0
2009-05-19,185932.0,36348.0
2009-05-26,209733.0,32425.0
2009-06-02,215968.0,28628.0
2009-06-09,215785.0,26111.0
2009-06-16,202687.0,27144.0
2009-06-23,195654.0,29360.0
2009-06-30,194005.0,29819.0
2009-07-07,190386.0,26242.0
2009-07-14,185704.0,26900.0
2009-07-21,201269.0,27967.0
2009-07-28,199452.0,26681.0
2009-08-04,217009.0,23495.0
2009-08-11,211989.0,21903.0
2009-08-18,203467.0,25937.0
2009-08-25,205472.0,22490.0
2009-09-01,206799.0,22298.0
2009-09-08,251708.0,27032.0
2009-09-15,263329.0,27682.0
2009-09-22,265925.0,29176.0
2009-09-29,252994.0,21608.0
2009-10-06,269879.0,30211.0
2009-10-13,288214.0,34259.0
2009-10-20,286864.0,36757.0
2009-10-27,272946.0,31169.0
2009-11-03,279524.0,38205.0
2009-11-09,280398.0,42338.0
2009-11-17,284390.0,48693.0
2009-11-24,294780.0,32449.0
2009-12-01,297316.0,38252.0
2009-12-08,290956.0,36527.0
2009-12-15,288482.0,32374.0
2009-12-22,273487.0,35411.0
2009-12-29,263631.0,33141.0
2010-01-05,263008.0,35241.0
2010-01-12,271260.0,41918.0
2010-01-19,261276.0,39807.0
2010-01-26,246223.0,34299.0
2010-02-02,246048.0,35879.0
2010-02-09,222775.0,41256.0
2010-02-16,224715.0,35857.0
2010-02-23,233106.0,32484.0
2010-03-02,239765.0,32393.0
2010-03-09,240868.0,32674.0
2010-03-16,239065.0,38719.0
2010-03-23,221472.0,37600.0
2010-03-30,209874.0,36108.0
2010-04-06,242302.0,38856.0
2010-04-13,262599.0,41857.0
2010-04-20,251244.0,40593.0
2010-04-27,263472.0,37804.0
2010-05-04,271511.0,40964.0
2010-05-11,282375.0,46550.0
2010-05-18,281985.0,50315.0
2010-05-25,271184.0,43493.0
2010-06-01,266569.0,42023.0
2010-06-08,270729.0,43331.0
2010-06-15,273657.0,43406.0
2010-06-22,283920.0,45286.0
2010-06-29,279992.0,35267.0
2010-07-06,251273.0,42231.0
2010-07-13,243867.0,38946.0
2010-07-20,227963.0,49656.0
2010-07-27,228251.0,39350.0
2010-08-03,222704.0,37189.0
2010-08-10,224485.0,33798.0
2010-08-17,240954.0,36726.0
2010-08-24,256244.0,35053.0
2010-08-31,272509.0,34432.0
2010-09-07,275367.0,35670.0
2010-09-14,286237.0,41976.0
2010-09-21,286568.0,42555.0
2010-09-28,297272.0,39623.0
2010-10-05,300571.0,40951.0
2010-10-12,304564.0,48690.0
2010-10-19,299275.0,49523.0
2010-10-26,283153.0,44067.0
2010-11-02,282707.0,52479.0
2010-11-09,298005.0,51826.0
2010-11-16,267157.0,48678.0
2010-11-23,261969.0,40640.0
2010-11-30,265824.0,38217.0
2010-12-07,269504.0,36753.0
2010-12-14,259917.0,39722.0
2010-12-21,251722.0,45298.0
2010-12-28,258145.0,42357.0
2011-01-04,250305.0,47987.0
2011-01-11,234333.0,56961.0
2011-01-18,237404.0,72411.0
2011-01-25,232725.0,72136.0
2011-02-01,212265.0,61071.0
2011-02-08,226799.0,59706.0
2011-02-15,230943.0,58099.0
2011-02-22,246967.0,66543.0
2011-03-01,257754.0,60501.0
2011-03-08,253434.0,62494.0
2011-03-15,240661.0,66090.0
2011-03-22,231512.0,56675.0
2011-03-29,242343.0,49222.0
2011-04-05,259792.0,55086.0
2011-04-12,261335.0,59590.0
2011-04-19,274208.0,59282.0
2011-04-26,260607.0,59341.0
2011-05-03,259440.0,66784.0
2011-05-10,240975.0,64636.0
2011-05-17,227421.0,62818.0
2011-05-24,240461.0,68067.0
2011-05-31,247185.0,55411.0
2011-06-07,251837.0,53129.0
2011-06-14,247713.0,56018.0
2011-06-21,262254.0,59027.0
2011-06-28,225982.0,60080.0
2011-07-05,219889.0,62114.0
2011-07-12,262515.0,64918.0
2011-07-19,277492.0,58195.0
2011-07-26,278473.0,42856.0
2011-08-02,291974.0,44799.0
2011-08-09,259388.0,55815.0
2011-08-16,263954.0,63868.0
2011-08-23,258641.0,70960.0
2011-08-30,237230.0,60283.0
2011-09-06,248457.0,64086.0
2011-09-13,235395.0,66548.0
2011-09-20,212809.0,62280.0
2011-09-27,181723.0,53922.0
2011-10-04,180635.0,47479.0
2011-10-11,179125.0,44623.0
2011-10-18,175224.0,48246.0
2011-10-25,182146.0,52425.0
2011-11-01,183149.0,43204.0
2011-11-08,200186.0,44479.0
2011-11-15,205417.0,46203.0
2011-11-22,194066.0,33096.0
2011-11-29,186031.0,31238.0
2011-12-06,192752.0,33041.0
2011-12-13,184468.0,33965.0
2011-12-20,172973.0,39037.0
2011-12-27,167413.0,36625.0
2012-01-03,169339.0,38368.0
2012-01-10,166262.0,33502.0
2012-01-17,167373.0,31344.0
2012-01-24,173479.0,31256.0
2012-01-31,197478.0,26119.0
2012-02-07,207620.0,30113.0
2012-02-14,200332.0,32912.0
2012-02-21,214343.0,33382.0
2012-02-28,231050.0,37830.0
2012-03-06,198112.0,34847.0
2012-03-13,190477.0,39571.0
2012-03-20,175009.0,43546.0
2012-03-27,182369.0,34548.0
2012-04-03,175592.0,33827.0
2012-04-10,170996.0,34343.0
2012-04-17,168700.0,26695.0
2012-04-24,165003.0,30009.0
2012-05-01,169568.0,29175.0
2012-05-08,166130.0,42827.0
2012-05-15,164051.0,49909.0
2012-05-22,169551.0,54400.0
2012-05-29,167439.0,56727.0
2012-06-05,183962.0,55098.0
2012-06-12,181259.0,48944.0
2012-06-19,184393.0,47989.0
2012-06-26,174589.0,51970.0
2012-07-03,187263.0,50048.0
2012-07-10,182156.0,55921.0
2012-07-17,180474.0,51515.0
2012-07-24,166085.0,53108.0
2012-07-31,171331.0,45267.0
2012-08-07,163082.0,47582.0
2012-08-14,161435.0,47131.0
2012-08-21,170780.0,40096.0
2012-08-28,194680.0,36189.0
2012-09-04,204945.0,34481.0
2012-09-11,214403.0,32387.0
2012-09-18,224988.0,33873.0
2012-09-25,233994.0,30098.0
2012-10-02,239434.0,31108.0
2012-10-09,247401.0,35452.0
2012-10-16,232988.0,38968.0
2012-10-23,222095.0,40052.0
2012-10-30,207532.0,37310.0
2012-11-06,196504.0,36331.0
2012-11-13,207847.0,36253.0
2012-11-20,217433.0,36618.0
2012-11-27,228431.0,28024.0
2012-12-04,202177.0,36441.0
2012-12-11,201955.0,38256.0
2012-12-18,202641.0,44860.0
2012-12-24,200436.0,50340.0
2012-12-31,198660.0,50141.0
2013-01-08,193869.0,51061.0
2013-01-15,192955.0,47839.0
2013-01-22,195795.0,43898.0
2013-01-29,181103.0,54155.0
2013-02-05,192806.0,55341.0
2013-02-12,193941.0,67106.0
2013-02-19,195870.0,92219.0
2013-02-26,201956.0,85357.0
2013-03-05,195248.0,87661.0
2013-03-12,201617.0,87110.0
2013-03-19,208895.0,73285.0
2013-03-26,200389.0,67943.0
2013-04-02,202634.0,82428.0
2013-04-09,203812.0,84453.0
2013-04-16,204677.0,75795.0
2013-04-23,197188.0,92933.0
2013-04-30,193310.0,96258.0
2013-05-07,189343.0,99920.0
2013-05-14,186921.0,103195.0
2013-05-21,189401.0,109142.0
2013-05-28,172565.0,115686.0
2013-06-04,170971.0,109771.0
2013-06-11,174015.0,115010.0
2013-06-18,166771.0,123079.0
2013-06-25,164901.0,130749.0
2013-07-02,158712.0,137961.0
2013-07-09,160214.0,143657.0
2013-07-16,156571.0,133109.0
2013-07-23,161197.0,127006.0
2013-07-30,154519.0,126153.0
2013-08-06,153812.0,102177.0
2013-08-13,148524.0,94598.0
2013-08-20,151348.0,90952.0
2013-08-27,150074.0,71785.0
2013-09-03,151951.0,73760.0
2013-09-10,141506.0,72782.0
2013-09-17,138956.0,80160.0
2013-09-24,140468.0,73329.0
2013-10-01,141541.0,68494.0
2013-10-08,140207.0,57890.0
2013-10-15,139663.0,77730.0
2013-10-22,147835.0,71170.0
2013-10-29,153409.0,53173.0
2013-11-05,149031.0,57895.0
2013-11-12,144062.0,82710.0
2013-11-19,140853.0,92733.0
2013-11-26,133414.0,106859.0
2013-12-03,134546.0,111855.0
2013-12-10,133866.0,107486.0
2013-12-17,133068.0,107164.0
2013-12-24,135390.0,108051.0
2013-12-31,137182.0,104959.0
2014-01-07,139244.0,100357.0
2014-01-14,145857.0,101844.0
2014-01-21,146018.0,99435.0
2014-01-28,150158.0,83817.0
2014-02-04,147754.0,82815.0
2014-02-11,156786.0,85585.0
2014-02-18,164478.0,79847.0
2014-02-25,169870.0,60406.0
2014-03-04,171404.0,56238.0
2014-03-11,170482.0,51592.0
2014-03-18,183324.0,46510.0
2014-03-25,169083.0,51766.0
2014-04-01,158152.0,58007.0
2014-04-08,149693.0,61094.0
2014-04-15,147432.0,68140.0
2014-04-22,146880.0,65047.0
2014-04-29,147769.0,62542.0
2014-05-06,160982.0,63026.0
2014-05-13,157176.0,65542.0
2014-05-20,157398.0,60907.0
2014-05-27,155615.0,82224.0
2014-06-03,157332.0,98181.0
2014-06-10,159567.0,98440.0
2014-06-17,162052.0,83757.0
2014-06-24,183433.0,62574.0
2014-07-01,201287.0,55262.0
2014-07-08,203464.0,53443.0
2014-07-15,199950.0,57492.0
2014-07-22,197835.0,51689.0
2014-07-29,188980.0,49827.0
2014-08-05,176386.0,54923.0
2014-08-12,191325.0,43644.0
2014-08-19,183846.0,45870.0
2014-08-26,172022.0,58853.0
2014-09-02,172522.0,75643.0
2014-09-09,177555.0,82414.0
2014-09-16,170749.0,98562.0
2014-09-23,170382.0,106498.0
2014-09-30,171075.0,106205.0
2014-10-07,174075.0,107628.0
2014-10-14,193580.0,108165.0
2014-10-21,207129.0,99145.0
2014-10-28,195885.0,95146.0
2014-11-04,176899.0,113674.0
2014-11-11,177268.0,121225.0
2014-11-18,187955.0,106533.0
2014-11-25,167394.0,91187.0
2014-12-02,170635.0,81305.0
2014-12-09,186861.0,71999.0
2014-12-16,182147.0,63739.0
2014-12-23,180980.0,70070.0
2014-12-30,182897.0,67060.0
2015-01-06,187705.0,65527.0
2015-01-13,192959.0,62733.0
2015-01-20,223257.0,60802.0
2015-01-27,238407.0,49482.0
2015-02-03,229006.0,43991.0
2015-02-10,199036.0,43762.0
2015-02-17,188121.0,56387.0
2015-02-24,184416.0,58245.0
2015-03-03,180561.0,64741.0
2015-03-10,171821.0,89929.0
2015-03-17,162268.0,109175.0
2015-03-24,168234.0,113953.0
2015-03-31,172818.0,92799.0
2015-04-07,183130.0,82373.0
2015-04-14,184741.0,86344.0
2015-04-21,184567.0,83322.0
2015-04-28,189929.0,88672.0
2015-05-05,173105.0,100665.0
2015-05-12,179257.0,101817.0
2015-05-19,202190.0,79569.0
2015-05-26,191951.0,87257.0
2015-06-02,194299.0,89889.0
2015-06-09,186813.0,111723.0
2015-06-16,191053.0,115330.0
2015-06-23,202944.0,107830.0
2015-06-30,194476.0,127321.0
2015-07-07,193776.0,143328.0
2015-07-14,191014.0,143190.0
2015-07-21,187720.0,159441.0
2015-07-28,182977.0,158512.0
2015-08-04,184792.0,154892.0
2015-08-11,187778.0,155336.0
2015-08-18,185712.0,144053.0
2015-08-25,189893.0,119160.0
2015-09-01,182753.0,110068.0
2015-09-08,183615.0,124322.0
2015-09-15,174225.0,134678.0
2015-09-22,182080.0,120955.0
2015-09-29,182792.0,106147.0
2015-10-06,191000.0,104181.0
2015-10-13,203299.0,86140.0
2015-10-20,233227.0,81926.0
2015-10-27,225985.0,68551.0
2015-11-03,194784.0,78442.0
2015-11-10,174561.0,106172.0
2015-11-17,173395.0,138996.0
2015-11-24,159440.0,143138.0
2015-12-01,158792.0,149042.0
2015-12-08,162764.0,143141.0
2015-12-15,155934.0,142278.0
2015-12-22,154276.0,127849.0
2015-12-29,150229.0,131127.0
2016-01-05,153532.0,126972.0
2016-01-12,158655.0,113937.0
2016-01-19,158320.0,114626.0
2016-01-26,170471.0,111431.0
2016-02-02,176968.0,104146.0
2016-02-09,201754.0,103326.0
2016-02-16,209101.0,91741.0
2016-02-23,227381.0,82403.0
2016-03-01,223186.0,70773.0
2016-03-08,252895.0,78085.0
2016-03-15,247659.0,78147.0
2016-03-22,258646.0,79815.0
2016-03-29,262082.0,72276.0
2016-04-05,263781.0,73381.0
2016-04-12,286341.0,72534.0
2016-04-19,291143.0,74306.0
2016-04-26,288173.0,67316.0
2016-05-03,338476.0,66828.0
2016-05-10,337251.0,72353.0
2016-05-17,340748.0,74460.0
2016-05-24,291266.0,84634.0
2016-05-31,274589.0,77454.0
2016-06-07,295688.0,67069.0
2016-06-14,347557.0,67695.0
2016-06-21,358825.0,66096.0
2016-06-28,373128.0,71208.0
2016-07-05,389590.0,73627.0
2016-07-12,378081.0,80618.0
2016-07-19,366871.0,80960.0
2016-07-26,347426.0,68471.0
2016-08-02,365801.0,71618.0
2016-08-09,356471.0,70024.0
2016-08-16,351535.0,67684.0
2016-08-23,359785.0,65176.0
2016-08-30,340586.0,64245.0
2016-09-06,370375.0,62515.0
2016-09-13,351776.0,66363.0
2016-09-20,326326.0,70147.0
2016-09-27,358972.0,67068.0
2016-10-04,324136.0,78628.0
2016-10-11,283386.0,88167.0
2016-10-18,274345.0,94727.0
2016-10-25,285376.0,88396.0
2016-11-01,288308.0,73177.0
2016-11-08,289860.0,72622.0
2016-11-15,245750.0,68090.0
2016-11-22,241646.0,74561.0
2016-11-29,229731.0,78161.0
2016-12-06,227675.0,91295.0
2016-12-13,229755.0,100444.0
2016-12-20,219067.0,104233.0
2016-12-27,206538.0,108195.0
2017-01-03,208855.0,112305.0
2017-01-10,214000.0,104518.0
2017-01-17,218144.0,111103.0
2017-01-24,209854.0,100447.0
2017-01-31,212414.0,93259.0
2017-02-07,216408.0,99259.0
2017-02-14,212259.0,102507.0
2017-02-21,219673.0,95910.0
2017-02-28,247494.0,83696.0
2017-03-07,229969.0,96284.0
2017-03-14,210315.0,104277.0
2017-03-21,219719.0,103467.0
2017-03-28,227839.0,90019.0
2017-04-04,239061.0,83625.0
2017-04-11,253004.0,80338.0
2017-04-18,279311.0,83543.0
2017-04-25,287468.0,86791.0
2017-05-02,276032.0,86398.0
2017-05-09,236115.0,86109.0
2017-05-16,221532.0,94808.0
2017-05-23,241752.0,81985.0
2017-05-30,250542.0,83452.0
2017-06-06,312240.0,107775.0
2017-06-13,297178.0,106904.0
2017-06-20,252620.0,101945.0
2017-06-27,236586.0,104914.0
2017-07-03,221681.0,127882.0
2017-07-11,217637.0,157377.0
2017-07-18,217232.0,157094.0
2017-07-25,220299.0,129468.0
2017-08-01,239766.0,110094.0
2017-08-08,246377.0,97540.0
2017-08-15,277730.0,89996.0
2017-08-22,295711.0,87273.0
2017-08-29,318883.0,87836.0
2017-09-05,336073.0,90775.0
2017-09-12,351492.0,96732.0
2017-09-19,330646.0,94557.0
2017-09-26,303255.0,90661.0
2017-10-03,287296.0,83441.0
2017-10-10,279227.0,79115.0
2017-10-17,284617.0,83893.0
2017-10-24,275521.0,84136.0
2017-10-31,268710.0,75615.0
2017-11-07,272571.0,76781.0
2017-11-14,271496.0,76412.0
2017-11-21,272934.0,71107.0
2017-11-28,287384.0,62967.0
2017-12-05,251234.0,77905.0
2017-12-12,201912.0,94844.0
2017-12-19,197473.0,83678.0
2017-12-26,202590.0,66642.0
2018-01-02,241428.0,78160.0
2018-01-09,289161.0,85873.0
2018-01-16,301863.0,90152.0
2018-01-23,305812.0,91128.0
2018-01-30,298327.0,91065.0
2018-02-06,273828.0,82951.0
2018-02-13,251860.0,76254.0
2018-02-20,257205.0,66283.0
2018-02-27,251981.0,73263.0
2018-03-06,245587.0,61764.0
2018-03-13,234431.0,66483.0
2018-03-20,223882.0,75151.0
2018-03-27,259032.0,55678.0
2018-04-03,234677.0,68088.0
2018-04-10,234457.0,79085.0
2018-04-17,237288.0,74219.0
2018-04-24,225804.0,89158.0
2018-05-01,209577.0,102798.0
2018-05-08,198548.0,91108.0
2018-05-15,201468.0,109025.0
2018-05-22,189677.0,98720.0
2018-05-29,193652.0,78522.0
2018-06-05,185321.0,73905.0
2018-06-12,192752.0,72512.0
2018-06-19,202915.0,106403.0
2018-06-26,195118.0,118446.0
2018-07-03,210483.0,132156.0
2018-07-10,214310.0,132876.0
2018-07-17,218427.0,160586.0
2018-07-24,220620.0,172023.0
2018-07-31,209255.0,173918.0
2018-08-07,208292.0,195604.0
2018-08-14,211779.0,215467.0
2018-08-21,213500.0,222210.0
2018-08-28,207370.0,210433.0
2018-09-04,199762.0,213259.0
2018-09-11,198367.0,205957.0
2018-09-18,197797.0,208641.0
2018-09-25,192940.0,210588.0
2018-10-02,192490.0,214312.0
2018-10-09,179746.0,217921.0
2018-10-16,189200.0,171533.0
2018-10-23,192578.0,163190.0
2018-10-30,168754.0,155560.0
2018-11-06,169141.0,150115.0
2018-11-13,168416.0,177663.0
2018-11-20,165506.0,156610.0
2018-11-27,156779.0,154908.0
2018-12-04,173019.0,124018.0
2018-12-11,169600.0,109101.0
2018-12-18,182168.0,106208.0
2018-12-24,208622.0,97637.0
2019-01-08,199560.0,100344.0
2019-01-15,201796.0,113883.0
2019-01-22,186510.0,112006.0
2019-01-29,212318.0,112725.0
2019-02-05,218200.0,109105.0
2019-02-12,214170.0,109296.0
2019-02-19,254086.0,108439.0
2019-02-26,236835.0,101139.0
2019-03-05,202628.0,114610.0
2019-03-12,205250.0,126431.0
2019-03-19,204325.0,115929.0
2019-03-26,214447.0,94706.0
2019-04-02,193784.0,99228.0
2019-04-09,199507.0,94143.0
2019-04-16,183213.0,126940.0
2019-04-23,176691.0,139296.0
2019-04-30,177275.0,111056.0
2019-05-07,185801.0,110390.0
2019-05-14,226361.0,101825.0
2019-05-21,203628.0,114823.0
2019-05-28,194463.0,107775.0
2019-06-04,240477.0,84362.0
2019-06-11,250114.0,65876.0
2019-06-18,274633.0,70310.0
2019-06-25,298108.0,61554.0
2019-07-02,312702.0,53756.0
2019-07-09,306105.0,61342.0
2019-07-16,309535.0,64034.0
2019-07-23,311881.0,60631.0
2019-07-30,312214.0,57826.0
2019-08-06,350558.0,58013.0
2019-08-13,346223.0,56133.0
2019-08-20,352294.0,52301.0
2019-08-27,362609.0,65771.0
2019-09-03,365385.0,64838.0
2019-09-10,334114.0,64389.0
2019-09-17,341511.0,58912.0
2019-09-24,370393.0,57949.0
2019-10-01,322800.0,53807.0
2019-10-08,334383.0,58820.0
2019-10-15,319370.0,66343.0
2019-10-22,322917.0,63785.0
2019-10-29,335423.0,58908.0
2019-11-05,344591.0,64763.0
2019-11-12,323189.0,56123.0
2019-11-19,337296.0,51437.0
2019-11-26,325286.0,53652.0
2019-12-03,346525.0,55820.0
2019-12-10,329169.0,58249.0
2019-12-17,344493.0,58218.0
2019-12-24,364310.0,58658.0
2019-12-31,381620.0,53695.0
2020-01-07,383480.0,61189.0
2020-01-14,376809.0,57574.0
2020-01-21,374793.0,57098.0
2020-01-28,376401.0,46309.0
2020-02-04,355909.0,56103.0
2020-02-11,356535.0,48561.0
2020-02-18,408349.0,54700.0
2020-02-25,389339.0,53474.0
2020-03-03,366173.0,46440.0
2020-03-10,336290.0,36759.0
2020-03-17,317405.0,35489.0
2020-03-24,317928.0,29562.0
2020-03-31,287529.0,28680.0
2020-04-07,279880.0,30938.0
2020-04-14,286617.0,34116.0
2020-04-21,282263.0,32692.0
2020-04-28,287382.0,24653.0
2020-05-05,275571.0,25567.0
2020-05-12,277771.0,34943.0
