,COMEX:1号铜:非商业多头持仓:持仓数量,COMEX:1号铜:非商业空头持仓:持仓数量
1989-07-31,0.0,0.0
1989-08-15,0.0,0.0
1989-08-31,0.0,0.0
1989-09-15,0.0,0.0
1989-09-29,0.0,0.0
1989-10-13,0.0,200.0
1989-10-31,110.0,352.0
1989-11-15,141.0,249.0
1989-11-30,799.0,6776.0
1989-12-15,1224.0,7678.0
1989-12-29,623.0,6989.0
1990-01-15,1992.0,5804.0
1990-01-31,980.0,9028.0
1990-02-15,1740.0,5307.0
1990-02-28,3665.0,5683.0
1990-03-15,9687.0,5940.0
1990-03-30,9014.0,2811.0
1990-04-12,7752.0,4479.0
1990-04-30,3661.0,4705.0
1990-05-15,5982.0,1762.0
1990-05-31,4752.0,4167.0
1990-06-15,2917.0,4066.0
1990-06-29,8651.0,3709.0
1990-07-13,9321.0,1203.0
1990-07-31,7754.0,1657.0
1990-08-15,7507.0,2587.0
1990-08-31,7407.0,1683.0
1990-09-14,7032.0,2088.0
1990-09-28,2908.0,4372.0
1990-10-15,2423.0,5407.0
1990-10-31,1862.0,4194.0
1990-11-15,2275.0,3544.0
1990-11-30,1621.0,6800.0
1990-12-14,1457.0,10333.0
1990-12-31,1887.0,5349.0
1991-01-15,6456.0,3542.0
1991-01-31,673.0,7704.0
1991-02-15,972.0,6598.0
1991-02-28,2228.0,5449.0
1991-03-15,1914.0,5841.0
1991-03-28,1820.0,6848.0
1991-04-15,2135.0,5727.0
1991-04-30,3100.0,9329.0
1991-05-15,1192.0,14257.0
1991-05-31,766.0,13648.0
1991-06-14,583.0,8431.0
1991-06-28,2002.0,5968.0
1991-07-15,942.0,6664.0
1991-07-31,2044.0,6672.0
1991-08-15,2424.0,4823.0
1991-08-30,5956.0,2511.0
1991-09-16,11435.0,2933.0
1991-09-30,11931.0,4348.0
1991-10-15,10106.0,5585.0
1991-10-31,12711.0,6012.0
1991-11-15,9164.0,5743.0
1991-11-29,6335.0,5282.0
1991-12-13,2748.0,16421.0
1991-12-31,1233.0,14487.0
1992-01-15,1042.0,16046.0
1992-01-31,1933.0,10073.0
1992-02-14,5109.0,5964.0
1992-02-28,11686.0,3543.0
1992-03-13,8039.0,2223.0
1992-03-31,8441.0,1827.0
1992-04-15,4087.0,2008.0
1992-04-30,4002.0,2471.0
1992-05-15,5912.0,1515.0
1992-05-29,6421.0,1218.0
1992-06-15,13870.0,1577.0
1992-06-30,18260.0,2045.0
1992-07-15,17238.0,1493.0
1992-07-31,12471.0,1124.0
1992-08-14,7613.0,2005.0
1992-08-31,6937.0,1157.0
1992-09-15,5276.0,3890.0
1992-09-30,4084.0,6896.0
1992-10-06,3177.0,8929.0
1992-10-13,3157.0,9802.0
1992-10-20,3527.0,9948.0
1992-10-27,2863.0,10957.0
1992-11-03,2962.0,8240.0
1992-11-10,1935.0,10740.0
1992-11-17,1664.0,10072.0
1992-11-24,1902.0,10617.0
1992-12-01,1581.0,7825.0
1992-12-08,1849.0,5615.0
1992-12-15,1918.0,4719.0
1992-12-22,3622.0,2763.0
1992-12-29,3992.0,1434.0
1993-01-05,6834.0,388.0
1993-01-12,2840.0,363.0
1993-01-19,735.0,1273.0
1993-01-26,719.0,1696.0
1993-02-02,844.0,1734.0
1993-02-09,1409.0,2108.0
1993-02-16,1198.0,2471.0
1993-02-23,929.0,3476.0
1993-03-02,1656.0,11378.0
1993-03-09,1469.0,10991.0
1993-03-16,1240.0,6107.0
1993-03-23,789.0,4952.0
1993-03-30,1402.0,5366.0
1993-04-06,1417.0,8936.0
1993-04-13,612.0,9268.0
1993-04-20,2026.0,9654.0
1993-04-27,702.0,8380.0
1993-05-04,1646.0,9269.0
1993-05-11,3041.0,9695.0
1993-05-18,3264.0,9284.0
1993-05-25,5623.0,8401.0
1993-06-01,6444.0,9185.0
1993-06-08,7034.0,6263.0
1993-06-15,7584.0,5243.0
1993-06-22,7752.0,4975.0
1993-06-29,8636.0,3487.0
1993-07-06,10907.0,2383.0
1993-07-13,9108.0,2935.0
1993-07-20,7824.0,2991.0
1993-07-27,5481.0,3032.0
1993-08-03,5976.0,2162.0
1993-08-10,5271.0,3741.0
1993-08-17,4433.0,5078.0
1993-08-24,4583.0,4041.0
1993-08-31,4544.0,5090.0
1993-09-07,6045.0,4320.0
1993-09-14,4250.0,9646.0
1993-09-21,5287.0,12441.0
1993-09-28,4678.0,13600.0
1993-10-05,7971.0,13874.0
1993-10-12,7975.0,14035.0
1993-10-19,6848.0,14580.0
1993-10-26,7192.0,14423.0
1993-11-02,7943.0,13932.0
1993-11-09,8772.0,11768.0
1993-11-16,9557.0,11684.0
1993-11-23,8434.0,11180.0
1993-11-30,8359.0,10724.0
1993-12-07,12740.0,6083.0
1993-12-14,14359.0,3874.0
1993-12-21,14442.0,4399.0
1993-12-28,14229.0,4554.0
1994-01-04,15637.0,4831.0
1994-01-11,12646.0,5623.0
1994-01-18,17219.0,6268.0
1994-01-25,16803.0,7140.0
1994-02-01,18443.0,7631.0
1994-02-08,19777.0,7005.0
1994-02-15,15608.0,5694.0
1994-02-22,15646.0,5857.0
1994-03-01,15545.0,3527.0
1994-03-08,19948.0,3689.0
1994-03-15,21497.0,3039.0
1994-03-22,22877.0,6343.0
1994-03-29,21551.0,6076.0
1994-04-05,14503.0,3665.0
1994-04-12,11815.0,4125.0
1994-04-19,12726.0,4093.0
1994-04-26,14524.0,3801.0
1994-05-03,20172.0,2561.0
1994-05-10,22034.0,3387.0
1994-05-17,23469.0,4011.0
1994-05-24,25440.0,4208.0
1994-05-31,25450.0,4936.0
1994-06-07,22564.0,3926.0
1994-06-14,25016.0,5300.0
1994-06-21,25247.0,3026.0
1994-06-28,23161.0,1703.0
1994-07-05,19998.0,2048.0
1994-07-12,15623.0,1733.0
1994-07-19,19811.0,3946.0
1994-07-26,17304.0,2956.0
1994-08-02,17046.0,2920.0
1994-08-09,12787.0,3602.0
1994-08-16,12960.0,4242.0
1994-08-23,12591.0,3993.0
1994-08-30,15534.0,2902.0
1994-09-06,19363.0,3892.0
1994-09-13,21332.0,4369.0
1994-09-20,23239.0,4608.0
1994-09-27,22666.0,3839.0
1994-10-04,16275.0,3437.0
1994-10-11,15725.0,3654.0
1994-10-18,15529.0,3464.0
1994-10-25,17259.0,3230.0
1994-11-01,19387.0,5717.0
1994-11-08,18843.0,5754.0
1994-11-15,18928.0,5039.0
1994-11-22,18031.0,3664.0
1994-11-29,18458.0,2753.0
1994-12-06,17890.0,3928.0
1994-12-13,15531.0,4518.0
1994-12-20,15883.0,3795.0
1994-12-27,15784.0,3715.0
1995-01-03,14981.0,3467.0
1995-01-10,14780.0,3632.0
1995-01-17,14688.0,4570.0
1995-01-24,16769.0,5672.0
1995-01-31,11999.0,6691.0
1995-02-07,7853.0,7206.0
1995-02-14,7384.0,5938.0
1995-02-21,7111.0,5467.0
1995-02-28,7110.0,6408.0
1995-03-07,6940.0,4751.0
1995-03-14,7509.0,3911.0
1995-03-21,8133.0,3927.0
1995-03-28,13525.0,7105.0
1995-04-04,14617.0,6701.0
1995-04-11,14538.0,5577.0
1995-04-18,9825.0,3943.0
1995-04-25,6774.0,11314.0
1995-05-02,5289.0,11685.0
1995-05-09,4974.0,12902.0
1995-05-16,4600.0,14659.0
1995-05-23,5294.0,10001.0
1995-05-30,4440.0,6358.0
1995-06-06,9269.0,7084.0
1995-06-13,10989.0,7416.0
1995-06-20,19162.0,8941.0
1995-06-27,17812.0,4948.0
1995-07-03,16883.0,2142.0
1995-07-11,14410.0,2109.0
1995-07-18,16134.0,3150.0
1995-07-25,5969.0,2198.0
1995-08-01,5306.0,3506.0
1995-08-08,6235.0,2492.0
1995-08-15,9749.0,3099.0
1995-08-22,12788.0,2935.0
1995-08-29,12617.0,3031.0
1995-09-05,7427.0,1446.0
1995-09-12,7251.0,3032.0
1995-09-19,6161.0,3955.0
1995-09-26,6437.0,2818.0
1995-10-03,6975.0,2913.0
1995-10-10,7336.0,5353.0
1995-10-17,7129.0,7532.0
1995-10-24,8523.0,9097.0
1995-10-31,8297.0,7688.0
1995-11-07,7290.0,3042.0
1995-11-14,7414.0,2920.0
1995-11-21,7923.0,2587.0
1995-11-28,6398.0,2547.0
1995-12-05,6529.0,3127.0
1995-12-12,6433.0,3973.0
1995-12-19,6659.0,2602.0
1995-12-26,8351.0,3366.0
1996-01-02,11968.0,6853.0
1996-01-09,12642.0,11003.0
1996-01-16,13604.0,13800.0
1996-01-23,13944.0,13104.0
1996-01-30,12442.0,11781.0
1996-02-06,9369.0,8472.0
1996-02-13,7609.0,8003.0
1996-02-20,7329.0,8945.0
1996-02-27,5777.0,7605.0
1996-03-05,6209.0,4650.0
1996-03-12,8186.0,4566.0
1996-03-19,8451.0,3332.0
1996-03-26,9337.0,3704.0
1996-04-02,7977.0,3521.0
1996-04-09,8269.0,3402.0
1996-04-16,11930.0,1778.0
1996-04-23,12994.0,2486.0
1996-04-30,14417.0,3719.0
1996-05-07,16662.0,5004.0
1996-05-14,15713.0,4426.0
1996-05-21,7032.0,3999.0
1996-05-28,5695.0,6114.0
1996-06-04,5352.0,6153.0
1996-06-11,3794.0,9488.0
1996-06-18,4713.0,10267.0
1996-06-25,10383.0,11188.0
1996-07-02,9022.0,10162.0
1996-07-09,8355.0,9983.0
1996-07-16,8715.0,10871.0
1996-07-23,8091.0,9682.0
1996-07-30,6631.0,8382.0
1996-08-06,6600.0,9812.0
1996-08-13,6622.0,9747.0
1996-08-20,6662.0,8566.0
1996-08-27,7320.0,7751.0
1996-09-03,7779.0,7977.0
1996-09-10,8704.0,6508.0
1996-09-17,8267.0,8310.0
1996-09-24,8397.0,7628.0
1996-10-01,8687.0,6237.0
1996-10-08,9271.0,6260.0
1996-10-15,8926.0,5488.0
1996-10-22,8346.0,4212.0
1996-10-29,11372.0,5315.0
1996-11-05,10453.0,5421.0
1996-11-12,12747.0,4711.0
1996-11-19,14019.0,4103.0
1996-11-26,14593.0,2315.0
1996-12-03,14422.0,2456.0
1996-12-10,14088.0,2260.0
1996-12-17,10912.0,2341.0
1996-12-24,10082.0,2450.0
1996-12-31,10405.0,2264.0
1997-01-07,13963.0,3456.0
1997-01-14,14615.0,3602.0
1997-01-21,15068.0,3329.0
1997-01-28,15304.0,3385.0
1997-02-04,13151.0,3440.0
1997-02-11,13239.0,3852.0
1997-02-18,12904.0,3038.0
1997-02-25,14774.0,2583.0
1997-03-04,16933.0,3009.0
1997-03-11,15049.0,2223.0
1997-03-18,14310.0,1971.0
1997-03-25,15188.0,1999.0
1997-04-01,13872.0,2790.0
1997-04-08,10701.0,3000.0
1997-04-15,10217.0,3149.0
1997-04-22,9547.0,2582.0
1997-04-29,13681.0,1620.0
1997-05-06,13289.0,2301.0
1997-05-13,16152.0,3065.0
1997-05-20,21641.0,3986.0
1997-05-27,21942.0,3638.0
1997-06-03,22752.0,3418.0
1997-06-10,22094.0,2628.0
1997-06-17,21075.0,2420.0
1997-06-24,17444.0,1855.0
1997-07-01,14788.0,2771.0
1997-07-08,15714.0,3520.0
1997-07-15,13049.0,7978.0
1997-07-22,13582.0,7238.0
1997-07-29,13323.0,5199.0
1997-08-05,13988.0,4839.0
1997-08-12,14271.0,5294.0
1997-08-19,12908.0,9400.0
1997-08-26,11218.0,10324.0
1997-09-02,10910.0,11319.0
1997-09-09,10645.0,11423.0
1997-09-16,12007.0,13558.0
1997-09-23,12871.0,11496.0
1997-09-30,11484.0,8760.0
1997-10-07,12359.0,11172.0
1997-10-14,12049.0,9880.0
1997-10-21,11829.0,9051.0
1997-10-28,12873.0,11433.0
1997-11-04,13264.0,12781.0
1997-11-11,12038.0,12950.0
1997-11-18,13117.0,16194.0
1997-11-25,12394.0,16208.0
1997-12-02,11841.0,16427.0
1997-12-09,11530.0,16417.0
1997-12-16,12018.0,17110.0
1997-12-23,12293.0,16539.0
1997-12-30,12260.0,16944.0
1998-01-06,11930.0,16843.0
1998-01-13,11930.0,16133.0
1998-01-20,11370.0,14021.0
1998-01-27,10451.0,10821.0
1998-02-03,12902.0,11420.0
1998-02-10,11878.0,16047.0
1998-02-17,12054.0,17085.0
1998-02-24,10370.0,19314.0
1998-03-03,10793.0,13618.0
1998-03-10,10769.0,11250.0
1998-03-17,13440.0,9006.0
1998-03-24,12321.0,8252.0
1998-03-31,12496.0,9307.0
1998-04-07,8849.0,10962.0
1998-04-14,10179.0,8361.0
1998-04-21,13505.0,7364.0
1998-04-28,17138.0,5473.0
1998-05-05,15807.0,4607.0
1998-05-12,10380.0,6463.0
1998-05-19,10448.0,11712.0
1998-05-26,9578.0,13127.0
1998-06-02,9902.0,14764.0
1998-06-09,9642.0,13751.0
1998-06-16,8478.0,15281.0
1998-06-23,6355.0,13030.0
1998-06-30,6196.0,14452.0
1998-07-07,7136.0,19139.0
1998-07-14,6754.0,14977.0
1998-07-21,5962.0,7552.0
1998-07-28,10270.0,6492.0
1998-08-04,8285.0,6751.0
1998-08-11,8040.0,10058.0
1998-08-18,8332.0,11801.0
1998-08-25,8713.0,13023.0
1998-09-01,9774.0,14529.0
1998-09-08,8930.0,10223.0
1998-09-15,10092.0,8662.0
1998-09-22,8284.0,9272.0
1998-09-29,8228.0,7857.0
1998-10-06,10123.0,14123.0
1998-10-13,10891.0,16303.0
1998-10-20,11255.0,11719.0
1998-10-27,12146.0,16975.0
1998-11-03,12327.0,18087.0
1998-11-10,10801.0,15380.0
1998-11-17,11349.0,21665.0
1998-11-24,11343.0,20980.0
1998-12-01,12362.0,23468.0
1998-12-08,13622.0,29405.0
1998-12-15,13024.0,31643.0
1998-12-22,13018.0,30231.0
1998-12-29,11854.0,26476.0
1999-01-05,13350.0,28944.0
1999-01-12,12111.0,26337.0
1999-01-19,11956.0,25547.0
1999-01-26,12192.0,26755.0
1999-02-02,11868.0,26755.0
1999-02-09,10401.0,14746.0
1999-02-16,12157.0,19341.0
1999-02-23,12210.0,27744.0
1999-03-02,12110.0,28750.0
1999-03-09,11584.0,27066.0
1999-03-16,12766.0,27135.0
1999-03-23,12533.0,21203.0
1999-03-30,13855.0,19551.0
1999-04-06,13091.0,20016.0
1999-04-13,12712.0,16221.0
1999-04-20,18493.0,7069.0
1999-04-27,22805.0,7127.0
1999-05-04,27656.0,7207.0
1999-05-11,29951.0,5875.0
1999-05-18,29560.0,5144.0
1999-05-25,18926.0,3719.0
1999-06-01,14416.0,10714.0
1999-06-08,15007.0,14558.0
1999-06-15,12822.0,15987.0
1999-06-22,13169.0,13795.0
1999-06-29,12010.0,8318.0
1999-07-06,20340.0,8458.0
1999-07-13,22854.0,7993.0
1999-07-20,23036.0,7489.0
1999-07-27,21021.0,6154.0
1999-08-03,18876.0,6859.0
1999-08-10,20040.0,7997.0
1999-08-17,21526.0,7718.0
1999-08-24,17542.0,6212.0
1999-08-31,17765.0,2593.0
1999-09-07,25178.0,3079.0
1999-09-14,27234.0,4270.0
1999-09-21,29983.0,4406.0
1999-09-28,24872.0,2987.0
1999-10-05,22744.0,1904.0
1999-10-12,16826.0,3865.0
1999-10-19,15329.0,2982.0
1999-10-26,15922.0,1635.0
1999-11-02,15368.0,2400.0
1999-11-09,15039.0,2453.0
1999-11-16,12368.0,4524.0
1999-11-23,11859.0,5120.0
1999-11-30,12447.0,2325.0
1999-12-07,11939.0,4246.0
1999-12-14,11135.0,4924.0
1999-12-21,20272.0,2230.0
1999-12-28,21019.0,1432.0
2000-01-04,22558.0,1184.0
2000-01-11,23589.0,1261.0
2000-01-18,30633.0,3014.0
2000-01-25,28684.0,2616.0
2000-02-01,22806.0,1859.0
2000-02-08,18024.0,3099.0
2000-02-15,18000.0,2529.0
2000-02-22,16915.0,3154.0
2000-02-29,11987.0,6551.0
2000-03-07,12943.0,8389.0
2000-03-14,12289.0,10072.0
2000-03-21,12834.0,7826.0
2000-03-28,12027.0,8093.0
2000-04-04,13099.0,10549.0
2000-04-11,11846.0,14772.0
2000-04-18,11367.0,18245.0
2000-04-25,10890.0,14523.0
2000-05-02,9833.0,10155.0
2000-05-09,12487.0,4737.0
2000-05-16,14845.0,3776.0
2000-05-23,15134.0,4837.0
2000-05-30,13263.0,5234.0
2000-06-06,7711.0,4331.0
2000-06-13,6974.0,6474.0
2000-06-20,8638.0,3716.0
2000-06-27,7774.0,2997.0
2000-07-05,6627.0,3059.0
2000-07-11,8018.0,3470.0
2000-07-18,13606.0,3092.0
2000-07-25,21038.0,4993.0
2000-08-01,23977.0,6307.0
2000-08-08,24752.0,6947.0
2000-08-15,23983.0,6622.0
2000-08-22,21011.0,6457.0
2000-08-29,23948.0,5770.0
2000-09-05,28434.0,5795.0
2000-09-12,31743.0,6206.0
2000-09-19,35285.0,6449.0
2000-09-26,34361.0,6359.0
2000-10-03,23990.0,5554.0
2000-10-10,19448.0,5478.0
2000-10-17,16149.0,7273.0
2000-10-24,12019.0,9920.0
2000-10-31,9716.0,15254.0
2000-11-07,11229.0,17706.0
2000-11-14,10792.0,21694.0
2000-11-21,10339.0,24001.0
2000-11-28,10018.0,21080.0
2000-12-05,10784.0,16106.0
2000-12-12,11264.0,9949.0
2000-12-19,12355.0,9596.0
2000-12-26,12805.0,11741.0
2001-01-02,13520.0,15671.0
2001-01-09,15768.0,21469.0
2001-01-16,16395.0,21705.0
2001-01-23,12091.0,16609.0
2001-01-30,12302.0,17203.0
2001-02-06,11908.0,18451.0
2001-02-13,12032.0,20490.0
2001-02-20,12631.0,20800.0
2001-02-27,16451.0,29197.0
2001-03-06,12629.0,18719.0
2001-03-13,10453.0,18072.0
2001-03-20,14348.0,27535.0
2001-03-27,14579.0,30196.0
2001-04-03,16051.0,34432.0
2001-04-10,15799.0,37043.0
2001-04-17,15938.0,38111.0
2001-04-24,15335.0,34652.0
2001-05-01,14687.0,31553.0
2001-05-08,13435.0,28166.0
2001-05-15,15031.0,33403.0
2001-05-22,14066.0,21547.0
2001-05-29,14165.0,21575.0
2001-06-05,13450.0,28440.0
2001-06-12,16020.0,35948.0
2001-06-19,17513.0,38959.0
2001-06-26,17836.0,40854.0
2001-07-03,17218.0,37254.0
2001-07-10,16126.0,36606.0
2001-07-17,14969.0,35405.0
2001-07-24,15045.0,36629.0
2001-07-31,13972.0,31852.0
2001-08-07,13578.0,32471.0
2001-08-14,14227.0,31665.0
2001-08-21,12856.0,30617.0
2001-08-28,11412.0,26183.0
2001-09-04,13232.0,27318.0
2001-09-10,14023.0,32145.0
2001-09-18,14332.0,32405.0
2001-09-25,14110.0,33743.0
2001-10-02,14549.0,35912.0
2001-10-09,13634.0,35555.0
2001-10-16,13715.0,38988.0
2001-10-23,13229.0,38366.0
2001-10-30,13306.0,38684.0
2001-11-06,13037.0,39806.0
2001-11-13,9545.0,22245.0
2001-11-20,9592.0,12792.0
2001-11-27,10422.0,9727.0
2001-12-04,15150.0,8015.0
2001-12-11,11560.0,5601.0
2001-12-18,10516.0,7183.0
2001-12-21,10180.0,8273.0
2001-12-28,9938.0,8251.0
2002-01-08,10988.0,6116.0
2002-01-15,12673.0,4886.0
2002-01-22,13873.0,6055.0
2002-01-29,13529.0,5830.0
2002-02-05,20516.0,7425.0
2002-02-12,22544.0,7463.0
2002-02-19,21408.0,6525.0
2002-02-26,13078.0,6083.0
2002-03-05,15424.0,4984.0
2002-03-12,20241.0,5524.0
2002-03-19,26702.0,5492.0
2002-03-26,24000.0,5604.0
2002-04-02,27768.0,6331.0
2002-04-09,15406.0,5538.0
2002-04-16,16250.0,8002.0
2002-04-23,16931.0,5685.0
2002-04-30,15110.0,4835.0
2002-05-07,14418.0,10072.0
2002-05-14,15529.0,3824.0
2002-05-21,13578.0,5179.0
2002-05-28,19731.0,3600.0
2002-06-04,31086.0,4576.0
2002-06-11,37824.0,4548.0
2002-06-18,32743.0,4542.0
2002-06-25,21024.0,2969.0
2002-07-02,26678.0,3569.0
2002-07-09,25326.0,2555.0
2002-07-16,18428.0,6838.0
2002-07-23,19593.0,21866.0
2002-07-30,18738.0,26892.0
2002-08-06,18345.0,30124.0
2002-08-13,18437.0,34377.0
2002-08-20,18309.0,35704.0
2002-08-27,16598.0,34522.0
2002-09-03,16813.0,36108.0
2002-09-10,14717.0,29154.0
2002-09-17,13052.0,24417.0
2002-09-24,12968.0,29665.0
2002-10-01,14261.0,34869.0
2002-10-08,14981.0,36280.0
2002-10-15,14731.0,35019.0
2002-10-22,13410.0,20313.0
2002-10-29,15697.0,10204.0
2002-11-05,25876.0,11024.0
2002-11-12,27431.0,9913.0
2002-11-19,27956.0,9453.0
2002-11-26,29382.0,7313.0
2002-12-03,33633.0,6739.0
2002-12-10,31431.0,4194.0
2002-12-17,25867.0,2912.0
2002-12-23,19627.0,4431.0
2002-12-31,17089.0,15929.0
2003-01-07,14802.0,10826.0
2003-01-14,22746.0,7118.0
2003-01-21,28894.0,6959.0
2003-01-28,30367.0,7005.0
2003-02-04,34774.0,6394.0
2003-02-11,35265.0,5349.0
2003-02-14,30054.0,3527.0
2003-02-25,27250.0,4085.0
2003-03-04,35810.0,8348.0
2003-03-11,21629.0,5235.0
2003-03-18,20692.0,6817.0
2003-03-25,23457.0,5666.0
2003-04-01,20296.0,19403.0
2003-04-08,18534.0,24152.0
2003-04-15,17636.0,25744.0
2003-04-22,17230.0,27051.0
2003-04-29,17490.0,29167.0
2003-05-06,16713.0,31831.0
2003-05-13,14272.0,17190.0
2003-05-20,22202.0,14188.0
2003-05-27,26443.0,13595.0
2003-06-03,30717.0,12937.0
2003-06-10,31408.0,11623.0
2003-06-17,30095.0,11552.0
2003-06-24,30026.0,11297.0
2003-07-01,19765.0,11223.0
2003-07-08,20777.0,10992.0
2003-07-15,35422.0,11299.0
2003-07-22,34723.0,11218.0
2003-07-29,44149.0,13212.0
2003-08-05,48720.0,14103.0
2003-08-12,43450.0,12883.0
2003-08-19,42072.0,11748.0
2003-08-26,42156.0,12845.0
2003-09-02,44686.0,12893.0
2003-09-09,52607.0,15455.0
2003-09-16,49736.0,14742.0
2003-09-23,51711.0,16560.0
2003-09-30,48026.0,14030.0
2003-10-07,58295.0,18131.0
2003-10-14,67564.0,19182.0
2003-10-21,66810.0,18782.0
2003-10-28,62701.0,17523.0
2003-11-04,61294.0,16887.0
2003-11-11,60237.0,15988.0
2003-11-18,51436.0,16495.0
2003-11-25,41323.0,15474.0
2003-12-02,44855.0,16190.0
2003-12-09,41973.0,15852.0
2003-12-16,43176.0,15559.0
2003-12-22,43936.0,15530.0
2003-12-30,43735.0,17538.0
2004-01-06,46107.0,14838.0
2004-01-13,45520.0,15176.0
2004-01-20,45097.0,15258.0
2004-01-27,42449.0,14469.0
2004-02-03,43330.0,15253.0
2004-02-10,39955.0,13267.0
2004-02-17,39352.0,10465.0
2004-02-24,35775.0,10242.0
2004-03-02,35198.0,11563.0
2004-03-09,28836.0,9063.0
2004-03-16,30131.0,10339.0
2004-03-23,29704.0,11122.0
2004-03-30,28782.0,14023.0
2004-04-06,25695.0,16486.0
2004-04-12,23915.0,16581.0
2004-04-20,26130.0,17356.0
2004-04-27,19379.0,11199.0
2004-05-04,17790.0,10488.0
2004-05-11,16246.0,9323.0
2004-05-18,15654.0,8562.0
2004-05-25,16609.0,8118.0
2004-06-01,20476.0,8370.0
2004-06-08,17890.0,8085.0
2004-06-15,12012.0,8149.0
2004-06-22,12669.0,9974.0
2004-06-29,11282.0,4784.0
2004-07-06,12326.0,4308.0
2004-07-13,21663.0,5368.0
2004-07-20,23978.0,5806.0
2004-07-27,19618.0,5028.0
2004-08-03,25103.0,8713.0
2004-08-10,19835.0,7447.0
2004-08-17,30518.0,11146.0
2004-08-24,22015.0,8463.0
2004-08-31,23031.0,7553.0
2004-09-07,21479.0,8833.0
2004-09-14,26351.0,11184.0
2004-09-21,34903.0,15386.0
2004-09-28,41210.0,17175.0
2004-10-05,45933.0,17686.0
2004-10-12,47018.0,17364.0
2004-10-19,20386.0,7107.0
2004-10-26,18391.0,6753.0
2004-11-02,18988.0,6827.0
2004-11-09,22239.0,7630.0
2004-11-16,25259.0,9220.0
2004-11-23,32589.0,7683.0
2004-11-30,36871.0,8609.0
2004-12-07,30004.0,6004.0
2004-12-14,25559.0,4949.0
2004-12-21,28721.0,5504.0
2004-12-28,33281.0,6758.0
2005-01-04,26545.0,6281.0
2005-01-11,23188.0,5116.0
2005-01-18,23417.0,5836.0
2005-01-25,27127.0,7247.0
2005-02-01,26801.0,9486.0
2005-02-08,23230.0,8412.0
2005-02-15,32781.0,12154.0
2005-02-22,44160.0,16442.0
2005-03-01,49255.0,16029.0
2005-03-08,52332.0,16243.0
2005-03-15,46771.0,15983.0
2005-03-22,47101.0,16870.0
2005-03-29,40691.0,15086.0
2005-04-05,43081.0,15554.0
2005-04-12,46134.0,17988.0
2005-04-19,32513.0,13873.0
2005-04-26,35217.0,12857.0
2005-05-03,34649.0,15269.0
2005-05-10,31653.0,14769.0
2005-05-17,20525.0,17204.0
2005-05-24,20094.0,16541.0
2005-05-31,23327.0,13835.0
2005-06-07,31621.0,13609.0
2005-06-14,36892.0,16080.0
2005-06-21,42701.0,19918.0
2005-06-28,41847.0,21136.0
2005-07-05,33523.0,20166.0
2005-07-12,36722.0,21641.0
2005-07-19,39644.0,22767.0
2005-07-26,42350.0,25531.0
2005-08-02,46210.0,28016.0
2005-08-09,44439.0,28075.0
2005-08-16,41269.0,26506.0
2005-08-23,38358.0,27496.0
2005-08-30,37291.0,27936.0
2005-09-06,38826.0,29059.0
2005-09-13,33734.0,27483.0
2005-09-20,34780.0,27885.0
2005-09-27,37483.0,28266.0
2005-10-04,40996.0,31475.0
2005-10-11,43167.0,32056.0
2005-10-18,38505.0,31179.0
2005-10-25,31662.0,30431.0
2005-11-01,31733.0,28506.0
2005-11-08,34052.0,28313.0
2005-11-15,36580.0,29053.0
2005-11-22,34901.0,28448.0
2005-11-29,33228.0,28016.0
2005-12-06,33206.0,27847.0
2005-12-13,32890.0,28231.0
2005-12-20,30868.0,28647.0
2005-12-27,32404.0,29643.0
2006-01-03,33082.0,30378.0
2006-01-10,32890.0,31780.0
2006-01-17,32186.0,29930.0
2006-01-24,33342.0,30596.0
2006-01-31,32581.0,31408.0
2006-02-07,33321.0,29569.0
2006-02-14,28653.0,28050.0
2006-02-21,23242.0,25672.0
2006-02-28,18584.0,23143.0
2006-03-07,18392.0,21099.0
2006-03-14,20042.0,19331.0
2006-03-21,22278.0,19268.0
2006-03-28,22521.0,20979.0
2006-04-04,23570.0,23958.0
2006-04-11,22134.0,23562.0
2006-04-18,20225.0,21789.0
2006-04-25,16532.0,19161.0
2006-05-02,15054.0,17058.0
2006-05-09,14392.0,15307.0
2006-05-16,12894.0,15376.0
2006-05-23,10904.0,17415.0
2006-05-30,10356.0,16728.0
2006-06-06,8775.0,16077.0
2006-06-13,8380.0,14036.0
2006-06-20,8447.0,11699.0
2006-06-27,8197.0,11907.0
2006-07-03,8460.0,10899.0
2006-07-11,10614.0,12828.0
2006-07-18,10848.0,14197.0
2006-07-25,8471.0,14165.0
2006-08-01,8643.0,14950.0
2006-08-08,9387.0,15981.0
2006-08-15,9324.0,17348.0
2006-08-22,8211.0,17929.0
2006-08-29,8156.0,19336.0
2006-09-05,9376.0,18099.0
2006-09-12,7881.0,17275.0
2006-09-19,9170.0,20212.0
2006-09-26,10566.0,20167.0
2006-10-03,10554.0,22847.0
2006-10-10,10562.0,23849.0
2006-10-17,13068.0,21992.0
2006-10-24,12435.0,22183.0
2006-10-31,11748.0,22691.0
2006-11-07,11443.0,25083.0
2006-11-14,10013.0,27023.0
2006-11-21,9130.0,27232.0
2006-11-28,9859.0,27495.0
2006-12-05,9550.0,26632.0
2006-12-12,9439.0,26965.0
2006-12-19,8423.0,27394.0
2006-12-26,6507.0,26714.0
2007-01-03,5847.0,25841.0
2007-01-09,6335.0,25590.0
2007-01-16,5358.0,25985.0
2007-01-23,5190.0,26561.0
2007-01-30,5545.0,27129.0
2007-02-06,5449.0,27347.0
2007-02-13,5710.0,26386.0
2007-02-20,5156.0,25867.0
2007-02-27,5301.0,24153.0
2007-03-06,5207.0,24486.0
2007-03-13,4642.0,22907.0
2007-03-20,7761.0,22839.0
2007-03-27,8680.0,24470.0
2007-04-03,9927.0,22818.0
2007-04-10,12333.0,22357.0
2007-04-17,13787.0,22572.0
2007-04-24,13923.0,22406.0
2007-05-01,15079.0,23409.0
2007-05-08,15900.0,23965.0
2007-05-15,15317.0,24368.0
2007-05-22,12655.0,23772.0
2007-05-29,12093.0,23624.0
2007-06-05,12740.0,22323.0
2007-06-12,13222.0,22204.0
2007-06-19,13894.0,22256.0
2007-06-26,13474.0,22397.0
2007-07-03,15360.0,23710.0
2007-07-10,20648.0,24557.0
2007-07-17,20639.0,24406.0
2007-07-24,21993.0,24958.0
2007-07-31,19544.0,24959.0
2007-08-07,18463.0,24017.0
2007-08-14,13970.0,19908.0
2007-08-21,12313.0,19380.0
2007-08-28,11271.0,17808.0
2007-09-04,11478.0,16634.0
2007-09-11,12518.0,16637.0
2007-09-18,14435.0,16863.0
2007-09-25,17474.0,17396.0
2007-10-02,20787.0,19307.0
2007-10-09,23322.0,19283.0
2007-10-16,22890.0,20921.0
2007-10-23,19606.0,20130.0
2007-10-30,17403.0,20060.0
2007-11-06,15556.0,18680.0
2007-11-13,12163.0,18565.0
2007-11-20,11396.0,17997.0
2007-11-27,9580.0,17500.0
2007-12-04,8457.0,16812.0
2007-12-11,8673.0,16665.0
2007-12-18,8702.0,17746.0
2007-12-24,8504.0,16567.0
2007-12-31,9309.0,16579.0
2008-01-08,9382.0,15579.0
2008-01-15,10724.0,19539.0
2008-01-22,11307.0,20355.0
2008-01-29,10688.0,20024.0
2008-02-05,11552.0,18781.0
2008-02-12,18417.0,17863.0
2008-02-19,21336.0,17784.0
2008-02-26,24783.0,19202.0
2008-03-04,27387.0,18291.0
2008-03-11,29142.0,19142.0
2008-03-18,27231.0,19888.0
2008-03-25,23073.0,15518.0
2008-04-01,25610.0,16029.0
2008-04-08,28023.0,19182.0
2008-04-15,30643.0,21360.0
2008-04-22,30703.0,21690.0
2008-04-29,29123.0,22559.0
2008-05-06,27833.0,20639.0
2008-05-13,24173.0,19985.0
2008-05-20,24632.0,19592.0
2008-05-27,22205.0,18544.0
2008-06-03,20776.0,21663.0
2008-06-10,20614.0,20430.0
2008-06-17,23149.0,19960.0
2008-06-24,25237.0,18619.0
2008-07-01,26085.0,18647.0
2008-07-08,25343.0,18805.0
2008-07-15,21001.0,17982.0
2008-07-22,20424.0,19431.0
2008-07-29,18062.0,20304.0
2008-08-05,15980.0,20299.0
2008-08-12,13037.0,18479.0
2008-08-19,10449.0,19576.0
2008-08-26,8940.0,19992.0
2008-09-02,7720.0,19789.0
2008-09-09,7093.0,20512.0
2008-09-16,8754.0,21151.0
2008-09-23,9744.0,19643.0
2008-09-30,5816.0,21985.0
2008-10-07,5643.0,24442.0
2008-10-14,5881.0,24008.0
2008-10-21,6259.0,23838.0
2008-10-28,6663.0,22546.0
2008-11-04,5905.0,22063.0
2008-11-11,6327.0,21736.0
2008-11-18,8073.0,24317.0
2008-11-25,7873.0,23970.0
2008-12-02,8653.0,26375.0
2008-12-09,8130.0,25347.0
2008-12-16,9531.0,27772.0
2008-12-22,9682.0,28750.0
2008-12-30,10070.0,29515.0
2009-01-06,9052.0,28741.0
2009-01-13,7191.0,30297.0
2009-01-20,7009.0,32318.0
2009-01-27,6592.0,32122.0
2009-02-03,7352.0,32590.0
2009-02-10,8874.0,33519.0
2009-02-17,7665.0,35092.0
2009-02-24,7461.0,34955.0
2009-03-03,7303.0,32200.0
2009-03-10,12397.0,32473.0
2009-03-17,15727.0,34574.0
2009-03-24,16058.0,34473.0
2009-03-31,15517.0,34042.0
2009-04-07,18576.0,35974.0
2009-04-14,17874.0,36735.0
2009-04-21,18504.0,37984.0
2009-04-28,19980.0,37865.0
2009-05-05,18992.0,37530.0
2009-05-12,18403.0,37142.0
2009-05-19,18384.0,37192.0
2009-05-26,19834.0,37546.0
2009-06-02,21485.0,40139.0
2009-06-09,19790.0,38559.0
2009-06-16,21247.0,39711.0
2009-06-23,18605.0,40340.0
2009-06-30,18029.0,38093.0
2009-07-07,17971.0,38932.0
2009-07-14,17607.0,37744.0
2009-07-21,23014.0,39074.0
2009-07-28,25235.0,39810.0
2009-08-04,27256.0,37910.0
2009-08-11,27433.0,37843.0
2009-08-18,27431.0,28688.0
2009-08-25,28889.0,30133.0
2009-09-01,28277.0,31825.0
2009-09-08,27933.0,30181.0
2009-09-15,26436.0,28769.0
2009-09-22,24442.0,27979.0
2009-09-29,22101.0,28382.0
2009-10-06,24278.0,29049.0
2009-10-13,25357.0,27186.0
2009-10-20,32948.0,31263.0
2009-10-27,37835.0,28780.0
2009-11-03,38502.0,29440.0
2009-11-09,38649.0,31087.0
2009-11-17,44596.0,35345.0
2009-11-24,46078.0,34942.0
2009-12-01,46459.0,35239.0
2009-12-08,48128.0,35502.0
2009-12-15,45671.0,35194.0
2009-12-22,43330.0,34755.0
2009-12-29,50473.0,35939.0
2010-01-05,51738.0,35210.0
2010-01-12,51974.0,29433.0
2010-01-19,50762.0,23095.0
2010-01-26,48727.0,19957.0
2010-02-02,40438.0,22166.0
2010-02-09,35897.0,22247.0
2010-02-16,37722.0,23642.0
2010-02-23,38991.0,23027.0
2010-03-02,38872.0,23005.0
2010-03-09,41913.0,23635.0
2010-03-16,42288.0,23284.0
2010-03-23,42636.0,24585.0
2010-03-30,47203.0,25546.0
2010-04-06,50530.0,27584.0
2010-04-13,53458.0,29990.0
2010-04-20,50461.0,29547.0
2010-04-27,47952.0,28142.0
2010-05-04,42642.0,29152.0
2010-05-11,36092.0,25494.0
2010-05-18,35258.0,28033.0
2010-05-25,32592.0,28609.0
2010-06-01,32767.0,27456.0
2010-06-08,34347.0,33065.0
2010-06-15,33306.0,31870.0
2010-06-22,33374.0,31901.0
2010-06-29,31968.0,29106.0
2010-07-06,31620.0,29435.0
2010-07-13,31820.0,27462.0
2010-07-20,32592.0,28677.0
2010-07-27,35846.0,24596.0
2010-08-03,37984.0,25024.0
2010-08-10,40232.0,23586.0
2010-08-17,41110.0,26631.0
2010-08-24,36304.0,26890.0
2010-08-31,39392.0,26162.0
2010-09-07,41758.0,26975.0
2010-09-14,42144.0,25735.0
2010-09-21,43877.0,26796.0
2010-09-28,48383.0,26221.0
2010-10-05,51583.0,27184.0
2010-10-12,52794.0,28726.0
2010-10-19,54303.0,28153.0
2010-10-26,55260.0,28797.0
2010-11-02,52585.0,27377.0
2010-11-09,55566.0,25477.0
2010-11-16,49986.0,24026.0
2010-11-23,46097.0,23307.0
2010-11-30,47784.0,26677.0
2010-12-07,53567.0,27135.0
2010-12-14,58287.0,28019.0
2010-12-21,59804.0,27641.0
2010-12-28,61837.0,30035.0
2011-01-04,61858.0,30245.0
2011-01-11,61530.0,31423.0
2011-01-18,62505.0,32316.0
2011-01-25,53961.0,30049.0
2011-02-01,57306.0,32595.0
2011-02-08,63087.0,33627.0
2011-02-15,59706.0,30667.0
2011-02-22,53809.0,30579.0
2011-03-01,50320.0,23701.0
2011-03-08,49103.0,24793.0
2011-03-15,46193.0,22831.0
2011-03-22,44489.0,22667.0
2011-03-29,47672.0,20628.0
2011-04-05,46268.0,23884.0
2011-04-12,52973.0,21983.0
2011-04-19,43667.0,18608.0
2011-04-26,42076.0,18398.0
2011-05-03,40403.0,19399.0
2011-05-10,34445.0,22626.0
2011-05-17,29693.0,21948.0
2011-05-24,28382.0,22354.0
2011-05-31,29163.0,19183.0
2011-06-07,30044.0,20316.0
2011-06-14,31122.0,20388.0
2011-06-21,30500.0,20735.0
2011-06-28,29596.0,19591.0
2011-07-05,40534.0,21571.0
2011-07-12,48272.0,24486.0
2011-07-19,49556.0,25807.0
2011-07-26,51606.0,27015.0
2011-08-02,51036.0,26773.0
2011-08-09,34375.0,23514.0
2011-08-16,27568.0,21674.0
2011-08-23,28138.0,24288.0
2011-08-30,28750.0,26048.0
2011-09-06,30682.0,27185.0
2011-09-13,30700.0,28872.0
2011-09-20,31651.0,34950.0
2011-09-27,29860.0,31322.0
2011-10-04,28040.0,31458.0
2011-10-11,27971.0,35030.0
2011-10-18,28110.0,33449.0
2011-10-25,28375.0,31313.0
2011-11-01,28641.0,26854.0
2011-11-08,26697.0,26385.0
2011-11-15,26992.0,28106.0
2011-11-22,26072.0,30294.0
2011-11-29,26425.0,29733.0
2011-12-06,26715.0,29347.0
2011-12-13,27040.0,30396.0
2011-12-20,28339.0,33294.0
2011-12-27,28669.0,32261.0
2012-01-03,29629.0,31177.0
2012-01-10,31413.0,33123.0
2012-01-17,34047.0,31736.0
2012-01-24,36031.0,31508.0
2012-01-31,37665.0,33482.0
2012-02-07,40578.0,33536.0
2012-02-14,42281.0,32572.0
2012-02-21,43171.0,33634.0
2012-02-28,43900.0,33389.0
2012-03-06,44783.0,33198.0
2012-03-13,43424.0,34352.0
2012-03-20,48835.0,36560.0
2012-03-27,44370.0,36296.0
2012-04-03,48178.0,38649.0
2012-04-10,41312.0,40893.0
2012-04-17,41012.0,39755.0
2012-04-24,38687.0,36365.0
2012-05-01,41404.0,37514.0
2012-05-08,42919.0,39388.0
2012-05-15,41857.0,45715.0
2012-05-22,40184.0,50282.0
2012-05-29,40639.0,52277.0
2012-06-05,40259.0,56896.0
2012-06-12,38793.0,53745.0
2012-06-19,37756.0,52038.0
2012-06-26,38453.0,55297.0
2012-07-03,37821.0,51039.0
2012-07-10,39390.0,49755.0
2012-07-17,39798.0,48085.0
2012-07-24,40765.0,53834.0
2012-07-31,38672.0,53392.0
2012-08-07,39673.0,56933.0
2012-08-14,38883.0,56654.0
2012-08-21,40773.0,53652.0
2012-08-28,41645.0,49741.0
2012-09-04,38833.0,48892.0
2012-09-11,49549.0,47020.0
2012-09-18,51005.0,48001.0
2012-09-25,54605.0,49473.0
2012-10-02,54815.0,45801.0
2012-10-09,54605.0,42786.0
2012-10-16,52776.0,41281.0
2012-10-23,48794.0,41891.0
2012-10-30,45589.0,47883.0
2012-11-06,42032.0,44229.0
2012-11-13,41593.0,46017.0
2012-11-20,39621.0,43052.0
2012-11-27,38126.0,41105.0
2012-12-04,44306.0,35254.0
2012-12-11,48593.0,35962.0
2012-12-18,51535.0,36481.0
2012-12-24,45600.0,37889.0
2012-12-31,45486.0,36155.0
2013-01-08,47014.0,34638.0
2013-01-15,48130.0,36148.0
2013-01-22,48234.0,38699.0
2013-01-29,50672.0,41305.0
2013-02-05,61901.0,45697.0
2013-02-12,60104.0,44242.0
2013-02-19,58575.0,49258.0
2013-02-26,46791.0,47519.0
2013-03-05,49328.0,54915.0
2013-03-12,48151.0,54295.0
2013-03-19,48036.0,64206.0
2013-03-26,49956.0,70143.0
2013-04-02,48872.0,75877.0
2013-04-09,47713.0,75552.0
2013-04-16,44854.0,68981.0
2013-04-23,43366.0,64755.0
2013-04-30,43244.0,67243.0
2013-05-07,42612.0,61802.0
2013-05-14,39970.0,57425.0
2013-05-21,39525.0,53067.0
2013-05-28,38759.0,52325.0
2013-06-04,41488.0,51433.0
2013-06-11,40874.0,58921.0
2013-06-18,47838.0,74277.0
2013-06-25,46899.0,78588.0
2013-07-02,44898.0,73439.0
2013-07-09,44259.0,72307.0
2013-07-16,39403.0,61783.0
2013-07-23,38642.0,61746.0
2013-07-30,39333.0,70427.0
2013-08-06,37858.0,59435.0
2013-08-13,38753.0,45587.0
2013-08-20,44415.0,44535.0
2013-08-27,42772.0,43565.0
2013-09-03,40851.0,45303.0
2013-09-10,37874.0,46447.0
2013-09-17,35639.0,50892.0
2013-09-24,36648.0,43898.0
2013-10-01,39032.0,40366.0
2013-10-08,37880.0,41764.0
2013-10-15,37672.0,45400.0
2013-10-22,44669.0,41054.0
2013-10-29,38310.0,48325.0
2013-11-05,36754.0,46538.0
2013-11-12,39966.0,58934.0
2013-11-19,40413.0,74311.0
2013-11-26,41232.0,71260.0
2013-12-03,43029.0,70380.0
2013-12-10,44375.0,57508.0
2013-12-17,55009.0,52630.0
2013-12-24,60943.0,56208.0
2013-12-31,66016.0,55653.0
2014-01-07,67546.0,55118.0
2014-01-14,59343.0,52306.0
2014-01-21,61131.0,51418.0
2014-01-28,51840.0,51836.0
2014-02-04,45717.0,59136.0
2014-02-11,46907.0,64957.0
2014-02-18,45352.0,59186.0
2014-02-25,45032.0,53111.0
2014-03-04,45709.0,58950.0
2014-03-11,47674.0,69234.0
2014-03-18,49027.0,77353.0
2014-03-25,45358.0,78333.0
2014-04-01,45433.0,71228.0
2014-04-08,45495.0,63996.0
2014-04-15,43429.0,64895.0
2014-04-22,40925.0,60842.0
2014-04-29,42322.0,56203.0
2014-05-06,40898.0,58351.0
2014-05-13,48908.0,58971.0
2014-05-20,50971.0,56564.0
2014-05-27,52012.0,56390.0
2014-06-03,47335.0,57075.0
2014-06-10,40089.0,55418.0
2014-06-17,38162.0,56201.0
2014-06-24,41981.0,49814.0
2014-07-01,52365.0,54129.0
2014-07-08,65579.0,58447.0
2014-07-15,76533.0,61906.0
2014-07-22,70091.0,61289.0
2014-07-29,63838.0,59519.0
2014-08-05,62107.0,54601.0
2014-08-12,47168.0,48601.0
2014-08-19,44060.0,50174.0
2014-08-26,46253.0,46126.0
2014-09-02,43075.0,46865.0
2014-09-09,48401.0,57920.0
2014-09-16,48575.0,62031.0
2014-09-23,51273.0,70968.0
2014-09-30,52035.0,75466.0
2014-10-07,54483.0,79479.0
2014-10-14,54973.0,78838.0
2014-10-21,54569.0,82309.0
2014-10-28,54392.0,75749.0
2014-11-04,47492.0,73355.0
2014-11-11,48196.0,73757.0
2014-11-18,52968.0,77573.0
2014-11-25,55391.0,83669.0
2014-12-02,50746.0,84928.0
2014-12-09,47171.0,80129.0
2014-12-16,47122.0,76837.0
2014-12-23,43503.0,75702.0
2014-12-30,44538.0,79591.0
2015-01-06,45928.0,87193.0
2015-01-13,53398.0,89221.0
2015-01-20,46328.0,83113.0
2015-01-27,46610.0,87272.0
2015-02-03,46923.0,87221.0
2015-02-10,45443.0,87427.0
2015-02-17,44526.0,82691.0
2015-02-24,50336.0,80639.0
2015-03-03,51043.0,73854.0
2015-03-10,53309.0,74837.0
2015-03-17,55248.0,72795.0
2015-03-24,58237.0,67317.0
2015-03-31,60278.0,64432.0
2015-04-07,58765.0,63761.0
2015-04-14,54693.0,61923.0
2015-04-21,50483.0,62802.0
2015-04-28,50505.0,66588.0
2015-05-05,63530.0,63982.0
2015-05-12,73722.0,65206.0
2015-05-19,73598.0,64257.0
2015-05-26,64899.0,63275.0
2015-06-02,50709.0,59453.0
2015-06-09,50677.0,64059.0
2015-06-16,53535.0,70047.0
2015-06-23,54093.0,77732.0
2015-06-30,59718.0,81525.0
2015-07-07,55639.0,81068.0
2015-07-14,53064.0,73822.0
2015-07-21,56919.0,79086.0
2015-07-28,55698.0,80152.0
2015-08-04,60578.0,92908.0
2015-08-11,60308.0,94067.0
2015-08-18,60821.0,89793.0
2015-08-25,60331.0,83656.0
2015-09-01,61031.0,81421.0
2015-09-08,60691.0,73958.0
2015-09-15,59530.0,63571.0
2015-09-22,52382.0,65632.0
2015-09-29,52419.0,69425.0
2015-10-06,54617.0,66165.0
2015-10-13,54291.0,60432.0
2015-10-20,56571.0,61154.0
2015-10-27,58172.0,59021.0
2015-11-03,55293.0,67071.0
2015-11-10,52814.0,80242.0
2015-11-17,61534.0,90817.0
2015-11-24,64527.0,98293.0
2015-12-01,66155.0,100408.0
2015-12-08,65812.0,100004.0
2015-12-15,68029.0,100662.0
2015-12-22,63124.0,93463.0
2015-12-29,59955.0,90061.0
2016-01-05,63058.0,94871.0
2016-01-12,68662.0,110687.0
2016-01-19,68711.0,112117.0
2016-01-26,64968.0,101795.0
2016-02-02,63562.0,99073.0
2016-02-09,63452.0,90280.0
2016-02-16,60041.0,87379.0
2016-02-23,57954.0,80901.0
2016-03-01,55749.0,80365.0
2016-03-08,63178.0,66056.0
2016-03-15,63343.0,63890.0
2016-03-22,62514.0,61596.0
2016-03-29,67603.0,72029.0
2016-04-05,67537.0,77622.0
2016-04-12,68479.0,90800.0
2016-04-19,66318.0,90834.0
2016-04-26,65274.0,73350.0
2016-05-03,65651.0,73111.0
2016-05-10,71365.0,94191.0
2016-05-17,79184.0,109830.0
2016-05-24,72160.0,113213.0
2016-05-31,71316.0,110143.0
2016-06-07,72543.0,111837.0
2016-06-14,71360.0,116171.0
2016-06-21,63839.0,96765.0
2016-06-28,53692.0,73506.0
2016-07-05,50675.0,70144.0
2016-07-12,54430.0,68660.0
2016-07-19,66010.0,63646.0
2016-07-26,69284.0,64466.0
2016-08-02,68768.0,66086.0
2016-08-09,66712.0,71890.0
2016-08-16,61208.0,66282.0
2016-08-23,70207.0,76873.0
2016-08-30,69279.0,91152.0
2016-09-06,79928.0,110153.0
2016-09-13,88681.0,113974.0
2016-09-20,82274.0,95425.0
2016-09-27,74769.0,76859.0
2016-10-04,77097.0,76198.0
2016-10-11,79132.0,74806.0
2016-10-18,87535.0,98677.0
2016-10-25,90935.0,104689.0
2016-11-01,88669.0,77371.0
2016-11-08,118385.0,78749.0
2016-11-15,117916.0,72921.0
2016-11-22,118089.0,71777.0
2016-11-29,121067.0,67706.0
2016-12-06,123820.0,67429.0
2016-12-13,127666.0,66551.0
2016-12-20,119225.0,67199.0
2016-12-27,112505.0,66742.0
2017-01-03,109243.0,64759.0
2017-01-10,116854.0,69151.0
2017-01-17,118944.0,72445.0
2017-01-24,128015.0,77705.0
2017-01-31,134989.0,77713.0
2017-02-07,131026.0,79467.0
2017-02-14,131446.0,86203.0
2017-02-21,128204.0,85410.0
2017-02-28,120913.0,82915.0
2017-03-07,117779.0,88060.0
2017-03-14,110578.0,88139.0
2017-03-21,111829.0,90159.0
2017-03-28,112041.0,82176.0
2017-04-04,111665.0,84797.0
2017-04-11,114238.0,88393.0
2017-04-18,106292.0,90249.0
2017-04-25,103581.0,91123.0
2017-05-02,104855.0,86317.0
2017-05-09,98601.0,90520.0
2017-05-16,96922.0,88276.0
2017-05-23,97688.0,84657.0
2017-05-30,96704.0,87060.0
2017-06-06,97394.0,84668.0
2017-06-13,108011.0,89213.0
2017-06-20,103559.0,90780.0
2017-06-27,106572.0,92884.0
2017-07-03,116393.0,100048.0
2017-07-11,112768.0,100762.0
2017-07-18,121936.0,106606.0
2017-07-25,137242.0,112985.0
2017-08-01,153081.0,121866.0
2017-08-08,157369.0,124233.0
2017-08-15,163551.0,126722.0
2017-08-22,164982.0,124136.0
2017-08-29,166629.0,122977.0
2017-09-05,172088.0,123223.0
2017-09-12,161636.0,115022.0
2017-09-19,142821.0,110234.0
2017-09-26,136358.0,106222.0
2017-10-03,140250.0,106421.0
2017-10-10,148019.0,107281.0
2017-10-17,155965.0,104478.0
2017-10-24,155756.0,102504.0
2017-10-31,145513.0,97920.0
2017-11-07,140327.0,97752.0
2017-11-14,132942.0,93228.0
2017-11-21,130954.0,90341.0
2017-11-28,132756.0,88833.0
2017-12-05,116872.0,90219.0
2017-12-12,106244.0,78490.0
2017-12-19,118876.0,76178.0
2017-12-26,136816.0,83547.0
2018-01-02,150141.0,86229.0
2018-01-09,147973.0,85689.0
2018-01-16,138575.0,77409.0
2018-01-23,134151.0,82116.0
2018-01-30,128405.0,74566.0
2018-02-06,124116.0,71161.0
2018-02-13,112722.0,67974.0
2018-02-20,113187.0,65886.0
2018-02-27,114277.0,72876.0
2018-03-06,112589.0,70669.0
2018-03-13,108709.0,69074.0
2018-03-20,107919.0,77058.0
2018-03-27,106932.0,87745.0
2018-04-03,102027.0,81117.0
2018-04-10,94928.0,71222.0
2018-04-17,95532.0,64815.0
2018-04-24,101054.0,58418.0
2018-05-01,106141.0,71225.0
2018-05-08,106333.0,72881.0
2018-05-15,107169.0,70814.0
2018-05-22,109623.0,70611.0
2018-05-29,108885.0,71285.0
2018-06-05,112774.0,65067.0
2018-06-12,128503.0,57966.0
2018-06-19,119036.0,62725.0
2018-06-26,104151.0,70106.0
2018-07-03,99847.0,74342.0
2018-07-10,102110.0,87927.0
2018-07-17,106423.0,97310.0
2018-07-24,110551.0,101184.0
2018-07-31,102058.0,93834.0
2018-08-07,97351.0,95161.0
2018-08-14,95786.0,92698.0
2018-08-21,85463.0,87162.0
2018-08-28,81237.0,80946.0
2018-09-04,77952.0,83929.0
2018-09-11,72184.0,81078.0
2018-09-18,74577.0,74768.0
2018-09-25,77987.0,66883.0
2018-10-02,77360.0,65385.0
2018-10-09,73094.0,64847.0
2018-10-16,71672.0,62754.0
2018-10-23,70970.0,61623.0
2018-10-30,71620.0,70953.0
2018-11-06,73447.0,67061.0
2018-11-13,73469.0,70054.0
2018-11-20,80698.0,68096.0
2018-11-27,76742.0,66050.0
2018-12-04,75348.0,64665.0
2018-12-11,72307.0,65060.0
2018-12-18,76807.0,79485.0
2018-12-24,73635.0,83487.0
2019-01-08,72344.0,91796.0
2019-01-15,75666.0,103258.0
2019-01-22,76080.0,100605.0
2019-01-29,76124.0,98037.0
2019-02-05,79336.0,85418.0
2019-02-12,82926.0,81723.0
2019-02-19,84724.0,83846.0
2019-02-26,96982.0,74598.0
2019-03-05,94231.0,62975.0
2019-03-12,89572.0,64005.0
2019-03-19,82765.0,66410.0
2019-03-26,75834.0,73892.0
2019-04-02,81945.0,77389.0
2019-04-09,81503.0,78489.0
2019-04-16,84245.0,78933.0
2019-04-23,83083.0,80957.0
2019-04-30,79599.0,79732.0
2019-05-07,73622.0,86500.0
2019-05-14,73379.0,92745.0
2019-05-21,72490.0,94209.0
2019-05-28,73784.0,97617.0
2019-06-04,76217.0,102963.0
2019-06-11,79399.0,109920.0
2019-06-18,82255.0,106207.0
2019-06-25,73297.0,99836.0
2019-07-02,76478.0,105694.0
2019-07-09,76596.0,116583.0
2019-07-16,73722.0,105665.0
2019-07-23,76464.0,100513.0
2019-07-30,77334.0,106089.0
2019-08-06,79133.0,137582.0
2019-08-13,76207.0,129807.0
2019-08-20,75489.0,124434.0
2019-08-27,72795.0,131275.0
2019-09-03,76099.0,134940.0
2019-09-10,77185.0,118371.0
2019-09-17,75083.0,112033.0
2019-09-24,71205.0,111944.0
2019-10-01,71271.0,118044.0
2019-10-08,69884.0,117977.0
2019-10-15,67383.0,114638.0
2019-10-22,68744.0,110317.0
2019-10-29,76814.0,102039.0
2019-11-05,81652.0,104963.0
2019-11-12,73303.0,99590.0
2019-11-19,63747.0,98853.0
2019-11-26,61166.0,99728.0
2019-12-03,64225.0,101932.0
2019-12-10,79231.0,96379.0
2019-12-17,95804.0,95635.0
2019-12-24,97993.0,94526.0
2019-12-31,98583.0,93439.0
2020-01-07,92710.0,95850.0
2020-01-14,103537.0,100070.0
2020-01-21,103727.0,97938.0
2020-01-28,77213.0,91603.0
2020-02-04,69638.0,103957.0
2020-02-11,67556.0,113215.0
2020-02-18,70397.0,112410.0
2020-02-25,69989.0,114208.0
2020-03-03,66736.0,105616.0
2020-03-10,60208.0,99274.0
2020-03-17,54628.0,92683.0
2020-03-24,46499.0,72946.0
2020-03-31,42278.0,67111.0
2020-04-07,41631.0,67207.0
2020-04-14,42230.0,66960.0
2020-04-21,46338.0,67260.0
2020-04-28,46958.0,63741.0
2020-05-05,46074.0,65231.0
2020-05-12,48104.0,63633.0
