,NYMEX:轻质低硫原油(WTI原油):非商业多头持仓:持仓数量,NYMEX:轻质低硫原油(WTI原油):非商业空头持仓:持仓数量
1986-01-15,2560.0,11594.0
1986-01-31,3405.0,8095.0
1986-02-14,5325.0,6896.0
1986-02-28,8756.0,5344.0
1986-03-14,12143.0,6800.0
1986-03-31,11074.0,11234.0
1986-04-15,13069.0,14111.0
1986-04-30,12758.0,16861.0
1986-05-15,17919.0,18404.0
1986-05-30,13518.0,15798.0
1986-06-13,15119.0,18063.0
1986-06-30,17393.0,14635.0
1986-07-15,19287.0,14530.0
1986-07-31,28598.0,17528.0
1986-08-15,20652.0,5337.0
1986-08-29,23566.0,5377.0
1986-09-15,21367.0,5327.0
1986-09-30,17727.0,7147.0
1986-10-15,24428.0,9876.0
1986-10-31,25243.0,13020.0
1986-11-14,22044.0,9218.0
1986-11-28,21781.0,12658.0
1986-12-15,29669.0,10692.0
1986-12-31,19387.0,12954.0
1987-01-15,17569.0,18749.0
1987-01-30,14868.0,21161.0
1987-02-13,10577.0,19861.0
1987-02-27,15648.0,21073.0
1987-03-13,11155.0,25583.0
1987-03-31,18828.0,24994.0
1987-04-15,12671.0,30537.0
1987-04-30,16024.0,27069.0
1987-05-15,20702.0,18231.0
1987-05-29,21038.0,18832.0
1987-06-15,24643.0,19626.0
1987-06-30,20417.0,20460.0
1987-07-15,28761.0,18440.0
1987-07-31,26520.0,22017.0
1987-08-14,37610.0,20184.0
1987-08-31,18410.0,22309.0
1987-09-15,22240.0,17669.0
1987-09-30,20939.0,20531.0
1987-10-15,20837.0,20096.0
1987-10-30,11472.0,17226.0
1987-11-13,11628.0,17519.0
1987-11-30,10762.0,30489.0
1987-12-15,14287.0,37920.0
1987-12-31,15328.0,28454.0
1988-01-15,17079.0,30509.0
1988-01-29,14363.0,25636.0
1988-02-12,14725.0,28746.0
1988-02-29,10388.0,37579.0
1988-03-15,11183.0,21839.0
1988-03-31,9240.0,24952.0
1988-04-15,18569.0,27981.0
1988-04-29,18368.0,29294.0
1988-05-13,17833.0,20669.0
1988-05-31,17154.0,23579.0
1988-06-15,15435.0,25524.0
1988-06-30,16425.0,28287.0
1988-07-15,11295.0,29873.0
1988-07-29,11745.0,27184.0
1988-08-15,12816.0,24455.0
1988-08-31,11079.0,26014.0
1988-09-15,9046.0,46018.0
1988-09-30,11068.0,42265.0
1988-10-14,11990.0,40098.0
1988-10-31,11749.0,34322.0
1988-11-15,12816.0,24487.0
1988-11-30,12389.0,32996.0
1988-12-15,23050.0,26946.0
1988-12-30,15975.0,30507.0
1989-01-13,16028.0,31110.0
1989-01-31,15064.0,33228.0
1989-02-15,19950.0,30634.0
1989-02-28,22717.0,32244.0
1989-03-15,20433.0,26213.0
1989-03-31,15526.0,31906.0
1989-04-14,15520.0,25770.0
1989-04-28,13965.0,38243.0
1989-05-15,10334.0,20517.0
1989-05-31,14399.0,15078.0
1989-06-15,13528.0,15303.0
1989-06-30,15081.0,15562.0
1989-07-14,16151.0,12644.0
1989-07-31,10382.0,13224.0
1989-08-15,9900.0,13491.0
1989-08-31,9672.0,15716.0
1989-09-15,15442.0,13839.0
1989-09-29,17384.0,14991.0
1989-10-13,17399.0,14615.0
1989-10-31,10949.0,21360.0
1989-11-15,9386.0,22389.0
1989-11-30,6945.0,23980.0
1989-12-15,12120.0,14296.0
1989-12-29,13776.0,21286.0
1990-01-15,13137.0,20357.0
1990-01-31,14229.0,15933.0
1990-02-15,23419.0,14301.0
1990-02-28,23705.0,15599.0
1990-03-15,13888.0,8286.0
1990-03-30,10748.0,14586.0
1990-04-12,6588.0,24287.0
1990-04-30,7825.0,27395.0
1990-05-15,11063.0,21015.0
1990-05-31,7690.0,24845.0
1990-06-15,11434.0,19116.0
1990-06-29,11989.0,29265.0
1990-07-13,11990.0,20871.0
1990-07-31,15540.0,26302.0
1990-08-15,10972.0,22707.0
1990-08-31,5923.0,22679.0
1990-09-14,12987.0,21826.0
1990-09-28,5997.0,26007.0
1990-10-15,3289.0,18966.0
1990-10-31,5812.0,13654.0
1990-11-15,5154.0,9560.0
1990-11-30,3964.0,11162.0
1990-12-14,4482.0,6532.0
1990-12-31,6101.0,3427.0
1991-01-15,4728.0,8098.0
1991-01-31,5619.0,8842.0
1991-02-15,5446.0,5299.0
1991-02-28,1868.0,6824.0
1991-03-15,2686.0,8416.0
1991-03-28,6449.0,6229.0
1991-04-15,10689.0,7319.0
1991-04-30,10198.0,12136.0
1991-05-15,13805.0,6603.0
1991-05-31,15686.0,8662.0
1991-06-14,10442.0,10727.0
1991-06-28,12893.0,5557.0
1991-07-15,16560.0,3987.0
1991-07-31,19385.0,5408.0
1991-08-15,14126.0,11891.0
1991-08-30,15702.0,4934.0
1991-09-16,7220.0,12072.0
1991-09-30,24100.0,18005.0
1991-10-15,25372.0,16702.0
1991-10-31,22590.0,24238.0
1991-11-15,9593.0,23328.0
1991-11-29,14952.0,24033.0
1991-12-13,16397.0,19827.0
1991-12-31,13791.0,19396.0
1992-01-15,18287.0,13899.0
1992-01-31,10529.0,16990.0
1992-02-14,15904.0,19848.0
1992-02-28,6853.0,17585.0
1992-03-13,10050.0,14381.0
1992-03-31,12846.0,10658.0
1992-04-15,19666.0,5539.0
1992-04-30,25719.0,6995.0
1992-05-15,17874.0,13447.0
1992-05-29,26037.0,24687.0
1992-06-15,23764.0,20650.0
1992-06-30,16320.0,17162.0
1992-07-15,13465.0,18542.0
1992-07-31,13496.0,20828.0
1992-08-14,8601.0,21303.0
1992-08-31,9678.0,24901.0
1992-09-15,14222.0,12638.0
1992-09-30,11152.0,24256.0
1992-10-06,10560.0,17536.0
1992-10-13,19421.0,7487.0
1992-10-20,20241.0,11498.0
1992-10-27,4478.0,25268.0
1992-11-03,4252.0,31971.0
1992-11-10,9573.0,26143.0
1992-11-17,10397.0,23708.0
1992-11-24,15805.0,19989.0
1992-12-01,12211.0,23353.0
1992-12-08,13928.0,27122.0
1992-12-15,11246.0,20987.0
1992-12-22,12642.0,19896.0
1992-12-29,12781.0,20845.0
1993-01-05,12976.0,22392.0
1993-01-12,10910.0,31307.0
1993-01-19,9019.0,22911.0
1993-01-26,10629.0,18095.0
1993-02-02,12093.0,13622.0
1993-02-09,11102.0,15230.0
1993-02-16,12222.0,8040.0
1993-02-23,18641.0,9698.0
1993-03-02,19399.0,5964.0
1993-03-09,22636.0,5274.0
1993-03-16,18741.0,8469.0
1993-03-23,18179.0,6817.0
1993-03-30,18756.0,7985.0
1993-04-06,17559.0,4525.0
1993-04-13,17716.0,4242.0
1993-04-20,19912.0,7429.0
1993-04-27,19930.0,8268.0
1993-05-04,18229.0,8676.0
1993-05-11,22235.0,8891.0
1993-05-18,21520.0,28020.0
1993-05-25,25634.0,28186.0
1993-06-01,26348.0,20592.0
1993-06-08,25005.0,26935.0
1993-06-15,12755.0,28801.0
1993-06-22,16709.0,29946.0
1993-06-29,18693.0,29182.0
1993-07-06,16656.0,38216.0
1993-07-13,9724.0,38788.0
1993-07-20,7841.0,49059.0
1993-07-27,7785.0,48980.0
1993-08-03,9159.0,47489.0
1993-08-10,10339.0,44040.0
1993-08-17,13888.0,29989.0
1993-08-24,10662.0,30581.0
1993-08-31,11388.0,31286.0
1993-09-07,9247.0,36618.0
1993-09-14,7731.0,33352.0
1993-09-21,8884.0,27618.0
1993-09-28,11887.0,29638.0
1993-10-05,18108.0,22096.0
1993-10-12,17951.0,20087.0
1993-10-19,15350.0,18271.0
1993-10-26,23866.0,28696.0
1993-11-02,16606.0,39588.0
1993-11-09,29989.0,27263.0
1993-11-16,21865.0,28773.0
1993-11-23,14742.0,30243.0
1993-11-30,16281.0,31846.0
1993-12-07,21195.0,36816.0
1993-12-14,26382.0,34496.0
1993-12-21,22683.0,36161.0
1993-12-28,21298.0,32721.0
1994-01-04,23574.0,31909.0
1994-01-11,28604.0,33213.0
1994-01-18,21718.0,33134.0
1994-01-25,20548.0,30234.0
1994-02-01,28016.0,29704.0
1994-02-08,21162.0,25707.0
1994-02-15,17057.0,28239.0
1994-02-22,21507.0,24749.0
1994-03-01,28525.0,23943.0
1994-03-08,28546.0,30707.0
1994-03-15,24510.0,23422.0
1994-03-22,26860.0,18923.0
1994-03-29,21444.0,30975.0
1994-04-05,28591.0,15237.0
1994-04-12,28008.0,16798.0
1994-04-19,33641.0,13301.0
1994-04-26,37712.0,14541.0
1994-05-03,36233.0,17279.0
1994-05-10,39985.0,20056.0
1994-05-17,33852.0,17438.0
1994-05-24,41064.0,10786.0
1994-05-31,40265.0,9597.0
1994-06-07,32759.0,15479.0
1994-06-14,36468.0,6527.0
1994-06-21,37112.0,8096.0
1994-06-28,37464.0,11052.0
1994-07-05,38112.0,10201.0
1994-07-12,41525.0,11073.0
1994-07-19,37662.0,6787.0
1994-07-26,34081.0,7099.0
1994-08-02,42597.0,7793.0
1994-08-09,36376.0,12916.0
1994-08-16,23395.0,10055.0
1994-08-23,23869.0,18249.0
1994-08-30,30592.0,16655.0
1994-09-06,29217.0,16729.0
1994-09-13,27683.0,20080.0
1994-09-20,26026.0,22075.0
1994-09-27,28887.0,17552.0
1994-10-04,36334.0,8177.0
1994-10-11,39827.0,8055.0
1994-10-18,28775.0,12630.0
1994-10-25,29779.0,12043.0
1994-11-01,37116.0,8264.0
1994-11-08,40281.0,9195.0
1994-11-15,25071.0,6310.0
1994-11-22,26463.0,9869.0
1994-11-29,25698.0,8096.0
1994-12-06,24394.0,26424.0
1994-12-13,22415.0,29069.0
1994-12-20,24056.0,28187.0
1994-12-27,22511.0,22263.0
1995-01-03,20821.0,11943.0
1995-01-10,24901.0,13141.0
1995-01-17,28258.0,5667.0
1995-01-24,59011.0,3158.0
1995-01-31,48148.0,3252.0
1995-02-07,54750.0,3697.0
1995-02-14,50362.0,3287.0
1995-02-21,56425.0,1814.0
1995-02-28,56525.0,1662.0
1995-03-07,52791.0,2604.0
1995-03-14,29512.0,4806.0
1995-03-21,38116.0,3086.0
1995-03-28,61059.0,1519.0
1995-04-04,65992.0,3854.0
1995-04-11,62903.0,5601.0
1995-04-18,63927.0,5683.0
1995-04-25,64510.0,5517.0
1995-05-02,69347.0,2492.0
1995-05-09,56682.0,6564.0
1995-05-16,43477.0,1577.0
1995-05-23,45858.0,3656.0
1995-05-30,24890.0,4607.0
1995-06-06,21796.0,6198.0
1995-06-13,20181.0,9652.0
1995-06-20,14745.0,29949.0
1995-06-27,12949.0,36402.0
1995-07-03,12384.0,35854.0
1995-07-11,12975.0,41447.0
1995-07-18,13675.0,39619.0
1995-07-25,13951.0,41491.0
1995-08-01,16490.0,24008.0
1995-08-08,30228.0,20905.0
1995-08-15,21104.0,20868.0
1995-08-22,23231.0,12933.0
1995-08-29,25662.0,11369.0
1995-09-05,34782.0,10967.0
1995-09-12,42935.0,11255.0
1995-09-19,48570.0,10754.0
1995-09-26,23693.0,14291.0
1995-10-03,22036.0,9613.0
1995-10-10,16425.0,26196.0
1995-10-17,17002.0,17435.0
1995-10-24,16365.0,19186.0
1995-10-31,16577.0,16347.0
1995-11-07,24291.0,15340.0
1995-11-14,21395.0,14986.0
1995-11-21,44033.0,16207.0
1995-11-28,51687.0,13987.0
1995-12-05,54797.0,11882.0
1995-12-12,53692.0,9413.0
1995-12-19,49699.0,12944.0
1995-12-26,48570.0,11922.0
1996-01-02,49036.0,11222.0
1996-01-09,55390.0,15660.0
1996-01-16,21705.0,14342.0
1996-01-23,11841.0,18753.0
1996-01-30,10308.0,26175.0
1996-02-06,11304.0,31012.0
1996-02-13,12780.0,21328.0
1996-02-20,24769.0,18507.0
1996-02-27,34805.0,15087.0
1996-03-05,24997.0,17504.0
1996-03-12,29763.0,18583.0
1996-03-19,35531.0,16196.0
1996-03-26,40544.0,22670.0
1996-04-02,41898.0,16616.0
1996-04-09,39454.0,21247.0
1996-04-16,36856.0,16800.0
1996-04-23,30881.0,15458.0
1996-04-30,27360.0,20807.0
1996-05-07,23265.0,24475.0
1996-05-14,22635.0,16646.0
1996-05-21,19776.0,19548.0
1996-05-28,27846.0,17767.0
1996-06-04,17890.0,15713.0
1996-06-11,15718.0,21109.0
1996-06-18,23200.0,16726.0
1996-06-25,21628.0,15823.0
1996-07-02,31145.0,14894.0
1996-07-09,30037.0,16097.0
1996-07-16,38080.0,11471.0
1996-07-23,36937.0,10491.0
1996-07-30,30664.0,12045.0
1996-08-06,33170.0,15036.0
1996-08-13,39974.0,12533.0
1996-08-20,40523.0,15227.0
1996-08-27,39033.0,15432.0
1996-09-03,39680.0,20199.0
1996-09-10,38625.0,17448.0
1996-09-17,35226.0,15694.0
1996-09-24,36735.0,16529.0
1996-10-01,40242.0,17710.0
1996-10-08,36404.0,15431.0
1996-10-15,37551.0,15622.0
1996-10-22,39265.0,14477.0
1996-10-29,31417.0,12760.0
1996-11-05,24181.0,17668.0
1996-11-12,22011.0,14029.0
1996-11-19,25947.0,12275.0
1996-11-26,21863.0,13545.0
1996-12-03,28029.0,15596.0
1996-12-10,25078.0,17673.0
1996-12-17,24641.0,7733.0
1996-12-24,25394.0,9526.0
1996-12-31,28487.0,9315.0
1997-01-07,32724.0,10272.0
1997-01-14,22342.0,9073.0
1997-01-21,27005.0,11330.0
1997-01-28,20074.0,12937.0
1997-02-04,20319.0,16749.0
1997-02-11,9281.0,32687.0
1997-02-18,10536.0,32469.0
1997-02-25,13266.0,34967.0
1997-03-04,11905.0,44337.0
1997-03-11,14373.0,43932.0
1997-03-18,17289.0,30024.0
1997-03-25,21136.0,19470.0
1997-04-01,15523.0,21162.0
1997-04-08,13904.0,33047.0
1997-04-15,14160.0,28218.0
1997-04-22,14332.0,30547.0
1997-04-29,21028.0,26461.0
1997-05-06,17064.0,27644.0
1997-05-13,27859.0,11574.0
1997-05-20,51503.0,6513.0
1997-05-27,44349.0,7860.0
1997-06-03,29308.0,8554.0
1997-06-10,13568.0,22864.0
1997-06-17,10943.0,34625.0
1997-06-24,10656.0,41577.0
1997-07-01,11762.0,27016.0
1997-07-08,14465.0,27377.0
1997-07-15,15276.0,30395.0
1997-07-22,11282.0,26166.0
1997-07-29,16650.0,23337.0
1997-08-05,33704.0,18764.0
1997-08-12,33160.0,17545.0
1997-08-19,34670.0,15631.0
1997-08-26,17434.0,26669.0
1997-09-02,22234.0,27358.0
1997-09-09,17653.0,26716.0
1997-09-16,20376.0,34389.0
1997-09-23,19017.0,31992.0
1997-09-30,59974.0,20682.0
1997-10-07,76743.0,20848.0
1997-10-14,58462.0,19764.0
1997-10-21,42681.0,13423.0
1997-10-28,31873.0,14099.0
1997-11-04,28934.0,15300.0
1997-11-11,23393.0,22667.0
1997-11-18,20897.0,25781.0
1997-11-25,11442.0,41013.0
1997-12-02,13493.0,56790.0
1997-12-09,9768.0,64837.0
1997-12-16,11526.0,71074.0
1997-12-23,14766.0,67580.0
1997-12-30,14251.0,76887.0
1998-01-06,16670.0,71232.0
1998-01-13,21066.0,70368.0
1998-01-20,21781.0,74871.0
1998-01-27,19633.0,56226.0
1998-02-03,23515.0,48245.0
1998-02-10,27589.0,43383.0
1998-02-17,32508.0,46124.0
1998-02-24,33058.0,42483.0
1998-03-03,32842.0,43178.0
1998-03-10,32315.0,42899.0
1998-03-17,32605.0,45416.0
1998-03-24,34210.0,27720.0
1998-03-31,34601.0,20631.0
1998-04-07,33529.0,30435.0
1998-04-14,40249.0,27535.0
1998-04-21,35913.0,27674.0
1998-04-28,29141.0,37996.0
1998-05-05,29048.0,36502.0
1998-05-12,27509.0,34526.0
1998-05-19,27282.0,41357.0
1998-05-26,24018.0,49057.0
1998-06-02,26545.0,48148.0
1998-06-09,32585.0,43766.0
1998-06-16,29042.0,49323.0
1998-06-23,24866.0,43795.0
1998-06-30,19412.0,43599.0
1998-07-07,20698.0,42812.0
1998-07-14,32964.0,40931.0
1998-07-21,32806.0,38840.0
1998-07-28,27189.0,39716.0
1998-08-04,26544.0,48430.0
1998-08-11,28388.0,51090.0
1998-08-18,30559.0,49810.0
1998-08-25,34262.0,51813.0
1998-09-01,34301.0,54401.0
1998-09-08,34330.0,33719.0
1998-09-15,40275.0,31695.0
1998-09-22,59503.0,19126.0
1998-09-29,69936.0,13315.0
1998-10-06,54868.0,20895.0
1998-10-13,36205.0,25395.0
1998-10-20,26413.0,48648.0
1998-10-27,25761.0,40927.0
1998-11-03,31119.0,39163.0
1998-11-10,37983.0,41253.0
1998-11-17,39586.0,46739.0
1998-11-24,37169.0,50818.0
1998-12-01,41825.0,54455.0
1998-12-08,35018.0,52895.0
1998-12-15,34771.0,48192.0
1998-12-22,21523.0,42263.0
1998-12-29,21129.0,40110.0
1999-01-05,20470.0,38340.0
1999-01-12,26825.0,23963.0
1999-01-19,28147.0,31267.0
1999-01-26,22234.0,39071.0
1999-02-02,19726.0,39398.0
1999-02-09,17799.0,38210.0
1999-02-16,15758.0,50285.0
1999-02-23,22957.0,30828.0
1999-03-02,18980.0,22658.0
1999-03-09,52126.0,16344.0
1999-03-16,64668.0,19485.0
1999-03-23,68030.0,24184.0
1999-03-30,74278.0,24299.0
1999-04-06,75525.0,26185.0
1999-04-13,80120.0,21452.0
1999-04-20,82895.0,23534.0
1999-04-27,86958.0,30335.0
1999-05-04,91706.0,33608.0
1999-05-11,86724.0,37155.0
1999-05-18,71040.0,25002.0
1999-05-25,58991.0,20875.0
1999-06-01,48177.0,21304.0
1999-06-08,54113.0,19860.0
1999-06-15,80681.0,20903.0
1999-06-22,76313.0,26976.0
1999-06-29,83810.0,19264.0
1999-07-06,103298.0,25436.0
1999-07-13,103642.0,25545.0
1999-07-20,91960.0,22460.0
1999-07-27,87962.0,26583.0
1999-08-03,86434.0,22023.0
1999-08-10,88011.0,21691.0
1999-08-17,97570.0,15778.0
1999-08-24,96914.0,15038.0
1999-08-31,86643.0,13842.0
1999-09-07,94939.0,12256.0
1999-09-14,94922.0,16446.0
1999-09-21,93314.0,21814.0
1999-09-28,93731.0,21159.0
1999-10-05,81380.0,18200.0
1999-10-12,55350.0,15996.0
1999-10-19,43485.0,18683.0
1999-10-26,53395.0,11792.0
1999-11-02,41251.0,14695.0
1999-11-09,50631.0,17388.0
1999-11-16,63262.0,24508.0
1999-11-23,72456.0,19081.0
1999-11-30,56675.0,18469.0
1999-12-07,53704.0,18373.0
1999-12-14,44693.0,15364.0
1999-12-21,40622.0,16754.0
1999-12-28,43264.0,16375.0
2000-01-04,42046.0,22858.0
2000-01-11,46139.0,26336.0
2000-01-18,54026.0,18421.0
2000-01-25,58983.0,21584.0
2000-02-01,68006.0,22774.0
2000-02-08,64399.0,34793.0
2000-02-15,75372.0,29854.0
2000-02-22,74242.0,27071.0
2000-02-29,71652.0,27160.0
2000-03-07,66663.0,27636.0
2000-03-14,57106.0,27980.0
2000-03-21,48846.0,23275.0
2000-03-28,43305.0,24297.0
2000-04-04,39576.0,24337.0
2000-04-11,33704.0,33282.0
2000-04-18,24270.0,33598.0
2000-04-25,22524.0,33639.0
2000-05-02,35341.0,31110.0
2000-05-09,42405.0,20926.0
2000-05-16,59157.0,21069.0
2000-05-23,49298.0,13794.0
2000-05-30,54935.0,13714.0
2000-06-06,48514.0,17532.0
2000-06-13,51276.0,21277.0
2000-06-20,49826.0,18552.0
2000-06-27,50562.0,19479.0
2000-07-05,47524.0,18335.0
2000-07-11,44359.0,21819.0
2000-07-18,46748.0,27276.0
2000-07-25,33755.0,25058.0
2000-08-01,23838.0,26394.0
2000-08-08,24616.0,28962.0
2000-08-15,41178.0,34377.0
2000-08-22,42166.0,30725.0
2000-08-29,48591.0,33674.0
2000-09-05,44591.0,39138.0
2000-09-12,44047.0,45596.0
2000-09-19,42150.0,42067.0
2000-09-26,38858.0,34524.0
2000-10-03,27688.0,38180.0
2000-10-10,27913.0,40506.0
2000-10-17,38388.0,38534.0
2000-10-24,35427.0,39316.0
2000-10-31,39480.0,40373.0
2000-11-07,36366.0,38150.0
2000-11-14,45158.0,36715.0
2000-11-21,52470.0,38679.0
2000-11-28,54131.0,42262.0
2000-12-05,45162.0,33563.0
2000-12-12,37408.0,44432.0
2000-12-19,37763.0,41219.0
2000-12-26,41852.0,46753.0
2001-01-02,40330.0,51858.0
2001-01-09,42149.0,52763.0
2001-01-16,40410.0,58102.0
2001-01-23,42137.0,54981.0
2001-01-30,38021.0,55065.0
2001-02-06,28751.0,53683.0
2001-02-13,34052.0,42274.0
2001-02-20,24518.0,42660.0
2001-02-27,22664.0,47043.0
2001-03-06,21057.0,44713.0
2001-03-13,24390.0,42184.0
2001-03-20,19583.0,49894.0
2001-03-27,16129.0,39314.0
2001-04-03,12623.0,52000.0
2001-04-10,19725.0,33368.0
2001-04-17,23147.0,19658.0
2001-04-24,21702.0,18439.0
2001-05-01,22336.0,16277.0
2001-05-08,21505.0,21960.0
2001-05-15,26488.0,20494.0
2001-05-22,39886.0,21374.0
2001-05-29,25612.0,23535.0
2001-06-05,20394.0,29272.0
2001-06-12,23909.0,26843.0
2001-06-19,21040.0,38080.0
2001-06-26,15992.0,54935.0
2001-07-03,16777.0,65318.0
2001-07-10,13990.0,67476.0
2001-07-17,16354.0,62392.0
2001-07-24,13861.0,63619.0
2001-07-31,13801.0,64164.0
2001-08-07,15930.0,46051.0
2001-08-14,19548.0,48819.0
2001-08-21,18390.0,49566.0
2001-08-28,18455.0,43287.0
2001-09-04,20660.0,49138.0
2001-09-18,36998.0,32809.0
2001-09-25,22054.0,41050.0
2001-10-02,17156.0,61845.0
2001-10-09,18386.0,63980.0
2001-10-16,17501.0,66229.0
2001-10-23,19542.0,56906.0
2001-10-30,18097.0,62773.0
2001-11-06,13548.0,77863.0
2001-11-13,12701.0,75044.0
2001-11-20,12564.0,62255.0
2001-11-27,14594.0,60754.0
2001-12-04,9897.0,67351.0
2001-12-11,13032.0,82311.0
2001-12-18,12050.0,83978.0
2001-12-21,11902.0,83633.0
2001-12-28,12277.0,75766.0
2002-01-08,13620.0,57993.0
2002-01-15,16826.0,64693.0
2002-01-22,15621.0,56809.0
2002-01-29,16639.0,62803.0
2002-02-05,17001.0,59009.0
2002-02-12,29008.0,49952.0
2002-02-19,35374.0,38418.0
2002-02-26,37717.0,40021.0
2002-03-05,46762.0,29420.0
2002-03-12,56640.0,33668.0
2002-03-19,69384.0,17160.0
2002-03-26,77030.0,18005.0
2002-04-02,79152.0,19197.0
2002-04-09,70911.0,19484.0
2002-04-16,64876.0,18898.0
2002-04-23,59707.0,23552.0
2002-04-30,59586.0,27836.0
2002-05-07,55657.0,27877.0
2002-05-14,71756.0,29960.0
2002-05-21,54351.0,34506.0
2002-05-28,46605.0,28420.0
2002-06-04,38442.0,25700.0
2002-06-11,32301.0,32087.0
2002-06-18,36231.0,28932.0
2002-06-25,44306.0,25417.0
2002-07-02,48582.0,26441.0
2002-07-09,47049.0,22872.0
2002-07-16,63894.0,28822.0
2002-07-23,53629.0,31160.0
2002-07-30,53562.0,27971.0
2002-08-06,43900.0,32910.0
2002-08-13,50208.0,43143.0
2002-08-20,65057.0,54832.0
2002-08-27,72960.0,47056.0
2002-09-03,67774.0,44737.0
2002-09-10,77136.0,49295.0
2002-09-17,69357.0,35729.0
2002-09-24,78426.0,42680.0
2002-10-01,84501.0,40774.0
2002-10-08,72246.0,46886.0
2002-10-15,67638.0,49392.0
2002-10-22,46140.0,46876.0
2002-10-29,36876.0,56794.0
2002-11-05,39572.0,58226.0
2002-11-12,42585.0,65127.0
2002-11-19,39880.0,61971.0
2002-11-26,35326.0,49042.0
2002-12-03,37702.0,51267.0
2002-12-10,49770.0,54900.0
2002-12-17,52859.0,40624.0
2002-12-23,68531.0,40537.0
2002-12-31,69202.0,51408.0
2003-01-07,72208.0,77241.0
2003-01-14,82574.0,70946.0
2003-01-21,92233.0,78509.0
2003-01-28,81188.0,79134.0
2003-02-04,96640.0,92487.0
2003-02-11,97175.0,99708.0
2003-02-14,88940.0,96756.0
2003-02-25,94633.0,96930.0
2003-03-04,88495.0,104587.0
2003-03-11,70407.0,112750.0
2003-03-18,45288.0,78006.0
2003-03-25,31137.0,76679.0
2003-04-01,27209.0,84266.0
2003-04-08,30826.0,81071.0
2003-04-15,31363.0,80283.0
2003-04-22,30598.0,65792.0
2003-04-29,32980.0,71761.0
2003-05-06,29710.0,74893.0
2003-05-13,41614.0,67026.0
2003-05-20,35382.0,53693.0
2003-05-27,39388.0,55731.0
2003-06-03,59020.0,56964.0
2003-06-10,77723.0,60802.0
2003-06-17,70779.0,64702.0
2003-06-24,67656.0,49696.0
2003-07-01,77603.0,50320.0
2003-07-08,86555.0,56080.0
2003-07-15,105888.0,68014.0
2003-07-22,93833.0,70461.0
2003-07-29,100057.0,64951.0
2003-08-05,132720.0,72695.0
2003-08-12,126978.0,76367.0
2003-08-19,92321.0,63903.0
2003-08-26,104965.0,62957.0
2003-09-02,84697.0,67207.0
2003-09-09,60811.0,59942.0
2003-09-16,37479.0,67666.0
2003-09-23,27676.0,78671.0
2003-09-30,37903.0,76689.0
2003-10-07,50921.0,70071.0
2003-10-14,90233.0,70791.0
2003-10-21,77286.0,56259.0
2003-10-28,73159.0,45259.0
2003-11-04,44879.0,47867.0
2003-11-11,66844.0,50274.0
2003-11-18,108061.0,51592.0
2003-11-25,82886.0,51149.0
2003-12-02,81255.0,48804.0
2003-12-09,89938.0,56717.0
2003-12-16,116883.0,60446.0
2003-12-22,114262.0,66320.0
2003-12-30,116400.0,65813.0
2004-01-06,131216.0,69860.0
2004-01-13,138114.0,78726.0
2004-01-20,129827.0,78311.0
2004-01-27,129986.0,78944.0
2004-02-03,129870.0,76362.0
2004-02-10,125872.0,78893.0
2004-02-17,138262.0,70589.0
2004-02-24,145199.0,68755.0
2004-03-02,162443.0,79992.0
2004-03-09,157096.0,81347.0
2004-03-16,154111.0,85322.0
2004-03-23,158945.0,78905.0
2004-03-30,138574.0,79126.0
2004-04-06,110052.0,85810.0
2004-04-12,134024.0,86298.0
2004-04-20,141042.0,83851.0
2004-04-27,148250.0,88708.0
2004-05-04,159882.0,94334.0
2004-05-11,167232.0,100798.0
2004-05-18,151533.0,85696.0
2004-05-25,155632.0,78257.0
2004-06-01,145588.0,80301.0
2004-06-08,108585.0,72714.0
2004-06-15,101652.0,74890.0
2004-06-22,100973.0,74119.0
2004-06-29,92407.0,77761.0
2004-07-06,101057.0,76001.0
2004-07-13,106294.0,75148.0
2004-07-20,112340.0,76198.0
2004-07-27,112390.0,78689.0
2004-08-03,127598.0,87299.0
2004-08-10,128827.0,92524.0
2004-08-17,133142.0,85193.0
2004-08-24,119236.0,87802.0
2004-08-31,107428.0,79466.0
2004-09-07,105350.0,84140.0
2004-09-14,104068.0,90870.0
2004-09-21,114804.0,88062.0
2004-09-28,128187.0,94925.0
2004-10-05,131602.0,94423.0
2004-10-12,126391.0,101626.0
2004-10-19,117650.0,95306.0
2004-10-26,117340.0,96377.0
2004-11-02,100427.0,95191.0
2004-11-09,93833.0,90147.0
2004-11-16,85830.0,85168.0
2004-11-23,84915.0,79162.0
2004-11-30,82978.0,77163.0
2004-12-07,71523.0,88963.0
2004-12-14,68310.0,77382.0
2004-12-21,69805.0,68167.0
2004-12-28,69987.0,64968.0
2005-01-04,74567.0,67020.0
2005-01-11,79563.0,70949.0
2005-01-18,86451.0,70526.0
2005-01-25,98204.0,64354.0
2005-02-01,100507.0,69555.0
2005-02-08,99003.0,71446.0
2005-02-15,101963.0,70335.0
2005-02-22,120964.0,66788.0
2005-03-01,130797.0,70624.0
2005-03-08,158645.0,81982.0
2005-03-15,168856.0,101171.0
2005-03-22,166969.0,97460.0
2005-03-29,164014.0,90222.0
2005-04-05,173593.0,84881.0
2005-04-12,154538.0,94888.0
2005-04-19,125300.0,92649.0
2005-04-26,121606.0,95598.0
2005-05-03,107003.0,98600.0
2005-05-10,103029.0,102944.0
2005-05-17,87892.0,90200.0
2005-05-24,80567.0,94886.0
2005-05-31,83989.0,101390.0
2005-06-07,92147.0,90772.0
2005-06-14,99237.0,86674.0
2005-06-21,108262.0,88415.0
2005-06-28,112569.0,90561.0
2005-07-05,121277.0,88519.0
2005-07-12,122269.0,88240.0
2005-07-19,108705.0,89806.0
2005-07-26,106194.0,94265.0
2005-08-02,121061.0,94991.0
2005-08-09,139400.0,104412.0
2005-08-16,154463.0,114068.0
2005-08-23,140449.0,124729.0
2005-08-30,142591.0,123231.0
2005-09-06,140777.0,116683.0
2005-09-13,114638.0,122886.0
2005-09-20,110078.0,123181.0
2005-09-27,107481.0,133810.0
2005-10-04,118480.0,145731.0
2005-10-11,106875.0,147445.0
2005-10-18,123903.0,150021.0
2005-10-25,120653.0,158737.0
2005-11-01,120127.0,162167.0
2005-11-08,122079.0,169895.0
2005-11-15,115494.0,171662.0
2005-11-22,115470.0,158534.0
2005-11-29,121151.0,164924.0
2005-12-06,131832.0,161359.0
2005-12-13,132646.0,162587.0
2005-12-20,120418.0,137409.0
2005-12-27,120638.0,144892.0
2006-01-03,131842.0,146245.0
2006-01-10,145309.0,146031.0
2006-01-17,148056.0,149732.0
2006-01-24,151138.0,145597.0
2006-01-31,157003.0,137033.0
2006-02-07,137673.0,138212.0
2006-02-14,129197.0,147698.0
2006-02-21,112024.0,142152.0
2006-02-28,120612.0,146263.0
2006-03-07,125295.0,144421.0
2006-03-14,130086.0,145344.0
2006-03-21,128840.0,135177.0
2006-03-28,135158.0,127940.0
2006-04-04,149602.0,119577.0
2006-04-11,157568.0,129319.0
2006-04-18,183102.0,116353.0
2006-04-25,198211.0,124188.0
2006-05-02,216298.0,122204.0
2006-05-09,200949.0,114607.0
2006-05-16,199020.0,120813.0
2006-05-23,171787.0,117187.0
2006-05-30,175621.0,127164.0
2006-06-06,179813.0,135933.0
2006-06-13,173067.0,135515.0
2006-06-20,161715.0,134969.0
2006-06-27,171371.0,134557.0
2006-07-03,176166.0,130888.0
2006-07-11,193203.0,135437.0
2006-07-18,191819.0,135050.0
2006-07-25,185092.0,124807.0
2006-08-01,189224.0,123129.0
2006-08-08,197612.0,127082.0
2006-08-15,196301.0,112507.0
2006-08-22,183323.0,114408.0
2006-08-29,179681.0,118820.0
2006-09-05,179017.0,131700.0
2006-09-12,177047.0,140027.0
2006-09-19,161535.0,139037.0
2006-09-26,166460.0,152775.0
2006-10-03,159235.0,159104.0
2006-10-10,159359.0,159058.0
2006-10-17,152971.0,155667.0
2006-10-24,159629.0,164654.0
2006-10-31,162794.0,174105.0
2006-11-07,171129.0,175923.0
2006-11-14,165257.0,147904.0
2006-11-21,164956.0,152519.0
2006-11-28,169872.0,158058.0
2006-12-05,167778.0,148767.0
2006-12-12,167097.0,154639.0
2006-12-19,157670.0,138823.0
2006-12-26,160309.0,140461.0
2007-01-03,167725.0,165531.0
2007-01-09,164334.0,186692.0
2007-01-16,176223.0,178255.0
2007-01-23,171292.0,179791.0
2007-01-30,166578.0,180920.0
2007-02-06,152746.0,174070.0
2007-02-13,172152.0,179365.0
2007-02-20,168334.0,160472.0
2007-02-27,178043.0,152004.0
2007-03-06,172082.0,135759.0
2007-03-13,172387.0,135273.0
2007-03-20,170982.0,126616.0
2007-03-27,179645.0,139466.0
2007-04-03,196329.0,129654.0
2007-04-10,202367.0,127183.0
2007-04-17,206586.0,125771.0
2007-04-24,199503.0,135674.0
2007-05-01,195239.0,129116.0
2007-05-08,188498.0,132500.0
2007-05-15,192274.0,147702.0
2007-05-22,175892.0,122431.0
2007-05-29,180467.0,145223.0
2007-06-05,180566.0,125651.0
2007-06-12,184720.0,120249.0
2007-06-19,200772.0,133351.0
2007-06-26,197493.0,130329.0
2007-07-03,228644.0,131271.0
2007-07-10,250071.0,136758.0
2007-07-17,248968.0,137421.0
2007-07-24,255068.0,144162.0
2007-07-31,266519.0,136904.0
2007-08-07,233568.0,124646.0
2007-08-14,220585.0,154478.0
2007-08-21,206977.0,184170.0
2007-08-28,202843.0,195413.0
2007-09-04,221536.0,188679.0
2007-09-11,231243.0,204634.0
2007-09-18,238336.0,199267.0
2007-09-25,243458.0,215377.0
2007-10-02,239250.0,197788.0
2007-10-09,247233.0,193863.0
2007-10-16,251001.0,182401.0
2007-10-23,243931.0,201489.0
2007-10-30,246342.0,180630.0
2007-11-06,251944.0,163343.0
2007-11-13,225232.0,214410.0
2007-11-20,236026.0,201460.0
2007-11-27,230982.0,186421.0
2007-12-04,215237.0,181083.0
2007-12-11,214193.0,176167.0
2007-12-18,213103.0,184050.0
2007-12-24,219382.0,171020.0
2007-12-31,238970.0,151315.0
2008-01-08,244299.0,147208.0
2008-01-15,232774.0,143916.0
2008-01-22,200595.0,168208.0
2008-01-29,211680.0,190335.0
2008-02-05,205649.0,184815.0
2008-02-12,217510.0,185936.0
2008-02-19,232424.0,177226.0
2008-02-26,257989.0,172319.0
2008-03-04,261451.0,159390.0
2008-03-11,260590.0,145445.0
2008-03-18,248557.0,165435.0
2008-03-25,226381.0,181418.0
2008-04-01,225434.0,187730.0
2008-04-08,238320.0,181152.0
2008-04-15,247474.0,183942.0
2008-04-22,249283.0,169430.0
2008-04-29,258388.0,188091.0
2008-05-06,266733.0,194690.0
2008-05-13,267721.0,191611.0
2008-05-20,247469.0,193318.0
2008-05-27,229157.0,190132.0
2008-06-03,218962.0,188092.0
2008-06-10,218484.0,196207.0
2008-06-17,203806.0,198081.0
2008-06-24,211137.0,190540.0
2008-07-01,221478.0,194966.0
2008-07-08,216841.0,202695.0
2008-07-15,210013.0,187631.0
2008-07-22,198019.0,201659.0
2008-07-29,201622.0,202282.0
2008-08-05,197332.0,202882.0
2008-08-12,192081.0,201211.0
2008-08-19,204335.0,192676.0
2008-08-26,205459.0,185293.0
2008-09-02,193540.0,179209.0
2008-09-09,198328.0,191992.0
2008-09-16,202219.0,182840.0
2008-09-23,204940.0,163212.0
2008-09-30,192759.0,152666.0
2008-10-07,165772.0,162082.0
2008-10-14,164118.0,166017.0
2008-10-21,174773.0,174290.0
2008-10-28,185108.0,193514.0
2008-11-04,191433.0,201976.0
2008-11-11,192267.0,245251.0
2008-11-18,184453.0,173468.0
2008-11-25,179329.0,176539.0
2008-12-02,180960.0,178711.0
2008-12-09,192419.0,181612.0
2008-12-16,205840.0,141720.0
2008-12-22,215665.0,143095.0
2008-12-30,224746.0,160198.0
2009-01-06,235246.0,158588.0
2009-01-13,228912.0,175618.0
2009-01-20,225424.0,179290.0
2009-01-27,226101.0,174449.0
2009-02-03,234724.0,205448.0
2009-02-10,239563.0,222985.0
2009-02-17,243728.0,198712.0
2009-02-24,234105.0,205356.0
2009-03-03,214302.0,214834.0
2009-03-10,197055.0,203070.0
2009-03-17,195950.0,182443.0
2009-03-24,192871.0,175234.0
2009-03-31,184850.0,178304.0
2009-04-07,186928.0,174435.0
2009-04-14,180982.0,176020.0
2009-04-21,180383.0,194988.0
2009-04-28,174308.0,174000.0
2009-05-05,175443.0,186728.0
2009-05-12,170991.0,167925.0
2009-05-19,175047.0,139810.0
2009-05-26,185237.0,145115.0
2009-06-02,199497.0,159810.0
2009-06-09,204490.0,156607.0
2009-06-16,201362.0,174932.0
2009-06-23,201463.0,162093.0
2009-06-30,210249.0,169472.0
2009-07-07,193867.0,178510.0
2009-07-14,194213.0,178056.0
2009-07-21,191829.0,189611.0
2009-07-28,199654.0,195078.0
2009-08-04,219556.0,185411.0
2009-08-11,214274.0,187197.0
2009-08-18,208367.0,185669.0
2009-08-25,225204.0,185672.0
2009-09-01,215729.0,187135.0
2009-09-08,211936.0,178824.0
2009-09-15,219352.0,173795.0
2009-09-22,231093.0,168877.0
2009-09-29,231180.0,189038.0
2009-10-06,235569.0,185563.0
2009-10-13,252327.0,183491.0
2009-10-20,275122.0,200739.0
2009-10-27,285475.0,175856.0
2009-11-03,277025.0,173208.0
2009-11-09,269879.0,181834.0
2009-11-17,250170.0,163822.0
2009-11-24,237667.0,162174.0
2009-12-01,238536.0,162143.0
2009-12-08,237538.0,169721.0
2009-12-15,239601.0,186409.0
2009-12-22,235768.0,160506.0
2009-12-29,247499.0,153421.0
2010-01-05,265034.0,156199.0
2010-01-12,291426.0,155757.0
2010-01-19,280410.0,146029.0
2010-01-26,246573.0,146953.0
2010-02-02,242085.0,156058.0
2010-02-09,225068.0,183008.0
2010-02-16,236003.0,167567.0
2010-02-23,247723.0,162371.0
2010-03-02,255659.0,164242.0
2010-03-09,269578.0,160264.0
2010-03-16,283006.0,158863.0
2010-03-23,271681.0,159762.0
2010-03-30,279945.0,162791.0
2010-04-06,306682.0,178544.0
2010-04-13,295296.0,181932.0
2010-04-20,283157.0,161682.0
2010-04-27,274234.0,164970.0
2010-05-04,281495.0,171625.0
2010-05-11,285507.0,192612.0
2010-05-18,279604.0,212243.0
2010-05-25,260710.0,220267.0
2010-06-01,259155.0,234280.0
2010-06-08,255375.0,237918.0
2010-06-15,248883.0,215953.0
2010-06-22,238384.0,198749.0
2010-06-29,238756.0,201636.0
2010-07-06,238709.0,212494.0
2010-07-13,239531.0,204886.0
2010-07-20,231747.0,195602.0
2010-07-27,235739.0,191426.0
2010-08-03,254919.0,199241.0
2010-08-10,254542.0,194206.0
2010-08-17,257563.0,195507.0
2010-08-24,260005.0,232682.0
2010-08-31,274240.0,261120.0
2010-09-07,270563.0,260074.0
2010-09-14,286962.0,238625.0
2010-09-21,287028.0,243128.0
2010-09-28,293470.0,231974.0
2010-10-05,319363.0,203337.0
2010-10-12,324993.0,195667.0
2010-10-19,310303.0,209473.0
2010-10-26,323154.0,197883.0
2010-11-02,336668.0,206560.0
2010-11-09,347488.0,203381.0
2010-11-16,330487.0,158496.0
2010-11-23,317663.0,176217.0
2010-11-30,311396.0,164502.0
2010-12-07,340709.0,164152.0
2010-12-14,329113.0,166328.0
2010-12-21,321441.0,161027.0
2010-12-28,333184.0,170634.0
2011-01-04,331128.0,181662.0
2011-01-11,337239.0,168154.0
2011-01-18,326830.0,160279.0
2011-01-25,305004.0,161687.0
2011-02-01,324925.0,172216.0
2011-02-08,323090.0,157582.0
2011-02-15,321167.0,155653.0
2011-02-22,350580.0,131558.0
2011-03-01,399042.0,127155.0
2011-03-08,409817.0,134235.0
2011-03-15,394890.0,140322.0
2011-03-22,382740.0,129012.0
2011-03-29,392867.0,137973.0
2011-04-05,394454.0,142303.0
2011-04-12,385641.0,142380.0
2011-04-19,405826.0,151795.0
2011-04-26,404938.0,146870.0
2011-05-03,399341.0,155015.0
2011-05-10,380615.0,169101.0
2011-05-17,344633.0,141554.0
2011-05-24,342552.0,143360.0
2011-05-31,337326.0,146189.0
2011-06-07,335195.0,159071.0
2011-06-14,337048.0,170677.0
2011-06-21,324165.0,175098.0
2011-06-28,317951.0,183397.0
2011-07-05,317825.0,179435.0
2011-07-12,324437.0,173542.0
2011-07-19,325849.0,170902.0
2011-07-26,333079.0,174312.0
2011-08-02,329837.0,182461.0
2011-08-09,325259.0,189541.0
2011-08-16,323171.0,191937.0
2011-08-23,316226.0,179886.0
2011-08-30,318524.0,165836.0
2011-09-06,337970.0,172828.0
2011-09-13,335221.0,169826.0
2011-09-20,327050.0,167085.0
2011-09-27,320203.0,182517.0
2011-10-04,315593.0,207429.0
2011-10-11,312293.0,191232.0
2011-10-18,323224.0,178853.0
2011-10-25,335212.0,175494.0
2011-11-01,323638.0,162026.0
2011-11-08,329388.0,162346.0
2011-11-15,321118.0,147711.0
2011-11-22,313952.0,156606.0
2011-11-29,308005.0,151526.0
2011-12-06,308190.0,152386.0
2011-12-13,312304.0,163001.0
2011-12-20,289295.0,151253.0
2011-12-27,297001.0,152413.0
2012-01-03,301080.0,156612.0
2012-01-10,312172.0,152824.0
2012-01-17,322996.0,151770.0
2012-01-24,322355.0,144510.0
2012-01-31,321176.0,150477.0
2012-02-07,315171.0,146286.0
2012-02-14,349281.0,144529.0
2012-02-21,367380.0,139200.0
2012-02-28,394656.0,140097.0
2012-03-06,396749.0,159797.0
2012-03-13,408952.0,165778.0
2012-03-20,394918.0,160326.0
2012-03-27,387687.0,158235.0
2012-04-03,375854.0,160297.0
2012-04-10,366612.0,169030.0
2012-04-17,365343.0,151788.0
2012-04-24,356816.0,144430.0
2012-05-01,374537.0,147894.0
2012-05-08,356626.0,172666.0
2012-05-15,356311.0,171848.0
2012-05-22,343701.0,159630.0
2012-05-29,343240.0,164355.0
2012-06-05,326346.0,179509.0
2012-06-12,308626.0,177768.0
2012-06-19,300776.0,176868.0
2012-06-26,295571.0,182738.0
2012-07-03,319921.0,188338.0
2012-07-10,315407.0,176835.0
2012-07-17,323621.0,150842.0
2012-07-24,339805.0,149112.0
2012-07-31,328048.0,153651.0
2012-08-07,348715.0,144216.0
2012-08-14,340551.0,147169.0
2012-08-21,362472.0,132057.0
2012-08-28,379630.0,130368.0
2012-09-04,374147.0,135555.0
2012-09-11,380849.0,132184.0
2012-09-18,396187.0,129036.0
2012-09-25,374662.0,143365.0
2012-10-02,366395.0,150515.0
2012-10-09,367337.0,153739.0
2012-10-16,365184.0,158712.0
2012-10-23,362498.0,176117.0
2012-10-30,359653.0,190078.0
2012-11-06,353453.0,187609.0
2012-11-13,341346.0,163579.0
2012-11-20,340750.0,162871.0
2012-11-27,338845.0,158811.0
2012-12-04,346065.0,152232.0
2012-12-11,342234.0,175895.0
2012-12-18,341629.0,158718.0
2012-12-24,344880.0,150173.0
2012-12-31,336952.0,138874.0
2013-01-08,347860.0,133082.0
2013-01-15,354130.0,127379.0
2013-01-22,366484.0,120381.0
2013-01-29,378904.0,110915.0
2013-02-05,380063.0,113259.0
2013-02-12,391902.0,119027.0
2013-02-19,380355.0,122437.0
2013-02-26,374809.0,138711.0
2013-03-05,380407.0,144667.0
2013-03-12,376467.0,148272.0
2013-03-19,358086.0,134365.0
2013-03-26,364846.0,120239.0
2013-04-02,369816.0,120966.0
2013-04-09,349203.0,125805.0
2013-04-16,348044.0,137341.0
2013-04-23,366860.0,155285.0
2013-04-30,366605.0,156664.0
2013-05-07,361677.0,141051.0
2013-05-14,360341.0,127751.0
2013-05-21,386105.0,117161.0
2013-05-28,379881.0,122742.0
2013-06-04,379736.0,123902.0
2013-06-11,389767.0,119936.0
2013-06-18,411697.0,112962.0
2013-06-25,387757.0,113283.0
2013-07-02,405049.0,115454.0
2013-07-09,424926.0,119534.0
2013-07-16,443242.0,113793.0
2013-07-23,476061.0,114995.0
2013-07-30,478424.0,115483.0
2013-08-06,478249.0,120723.0
2013-08-13,474557.0,124082.0
2013-08-20,470147.0,124770.0
2013-08-27,471493.0,126363.0
2013-09-03,464921.0,125573.0
2013-09-10,460222.0,125397.0
2013-09-17,448359.0,121528.0
2013-09-24,431586.0,110828.0
2013-10-01,424081.0,108643.0
2013-10-08,427951.0,112357.0
2013-10-15,416914.0,113982.0
2013-10-22,425724.0,126528.0
2013-10-29,422864.0,120648.0
2013-11-05,436733.0,137219.0
2013-11-12,454010.0,148444.0
2013-11-19,431042.0,117882.0
2013-11-26,439091.0,131552.0
2013-12-03,457545.0,136697.0
2013-12-10,460410.0,111407.0
2013-12-17,456968.0,110268.0
2013-12-24,458206.0,105441.0
2013-12-31,462028.0,106739.0
2014-01-07,454829.0,123818.0
2014-01-14,463186.0,135835.0
2014-01-21,473506.0,133457.0
2014-01-28,471470.0,120324.0
2014-02-04,471978.0,111761.0
2014-02-11,486742.0,104408.0
2014-02-18,512044.0,95603.0
2014-02-25,514502.0,98064.0
2014-03-04,521727.0,95909.0
2014-03-11,511076.0,104244.0
2014-03-18,492620.0,108335.0
2014-03-25,498080.0,106906.0
2014-04-01,502389.0,110606.0
2014-04-08,512035.0,112248.0
2014-04-15,523490.0,113939.0
2014-04-22,517023.0,106898.0
2014-04-29,522018.0,119691.0
2014-05-06,492901.0,109808.0
2014-05-13,495080.0,107341.0
2014-05-20,507592.0,97384.0
2014-05-27,526135.0,102999.0
2014-06-03,520556.0,103971.0
2014-06-10,520876.0,102865.0
2014-06-17,545061.0,87905.0
2014-06-24,548016.0,89047.0
2014-07-01,535712.0,89872.0
2014-07-08,514431.0,89544.0
2014-07-15,489729.0,90126.0
2014-07-22,467574.0,96130.0
2014-07-29,470115.0,105376.0
2014-08-05,450544.0,103340.0
2014-08-12,433331.0,109265.0
2014-08-19,429288.0,105815.0
2014-08-26,424250.0,106523.0
2014-09-02,421058.0,118494.0
2014-09-09,426580.0,126598.0
2014-09-16,434417.0,137136.0
2014-09-23,423239.0,127187.0
2014-09-30,426689.0,130743.0
2014-10-07,435642.0,141959.0
2014-10-14,441625.0,162845.0
2014-10-21,430349.0,150248.0
2014-10-28,428086.0,160782.0
2014-11-04,435649.0,167117.0
2014-11-11,442119.0,165287.0
2014-11-18,403713.0,148350.0
2014-11-25,400621.0,147620.0
2014-12-02,408718.0,143722.0
2014-12-09,413755.0,151979.0
2014-12-16,435032.0,150953.0
2014-12-23,412781.0,131132.0
2014-12-30,421184.0,148700.0
2015-01-06,440821.0,172021.0
2015-01-13,485464.0,209984.0
2015-01-20,480508.0,199239.0
2015-01-27,496281.0,222010.0
2015-02-03,488256.0,216060.0
2015-02-10,478989.0,207462.0
2015-02-17,478741.0,179351.0
2015-02-24,490905.0,221068.0
2015-03-03,497948.0,235659.0
2015-03-10,495142.0,234483.0
2015-03-17,516956.0,273468.0
2015-03-24,513586.0,306699.0
2015-03-31,516028.0,289333.0
2015-04-07,520929.0,268886.0
2015-04-14,527985.0,245825.0
2015-04-21,519353.0,196261.0
2015-04-28,521704.0,206860.0
2015-05-05,530764.0,205058.0
2015-05-12,512443.0,192231.0
2015-05-19,504615.0,161184.0
2015-05-26,502001.0,154010.0
2015-06-02,494450.0,154932.0
2015-06-09,483798.0,157943.0
2015-06-16,484932.0,157799.0
2015-06-23,480001.0,152568.0
2015-06-30,483021.0,154842.0
2015-07-07,485862.0,189702.0
2015-07-14,468034.0,203647.0
2015-07-21,464330.0,210647.0
2015-07-28,475975.0,232556.0
2015-08-04,478684.0,231591.0
2015-08-11,478863.0,253020.0
2015-08-18,473198.0,262634.0
2015-08-25,474160.0,258597.0
2015-09-01,487177.0,266835.0
2015-09-08,490149.0,258719.0
2015-09-15,485819.0,246433.0
2015-09-22,489204.0,229775.0
2015-09-29,481485.0,229757.0
2015-10-06,491100.0,232839.0
2015-10-13,487740.0,222748.0
2015-10-20,485090.0,233939.0
2015-10-27,499628.0,263053.0
2015-11-03,493384.0,247193.0
2015-11-10,498945.0,260623.0
2015-11-17,494099.0,265544.0
2015-11-24,472273.0,260248.0
2015-12-01,475582.0,267104.0
2015-12-08,480088.0,282214.0
2015-12-15,472228.0,261717.0
2015-12-22,453681.0,260769.0
2015-12-29,448632.0,252281.0
2016-01-05,460417.0,276240.0
2016-01-12,499795.0,336291.0
2016-01-19,482774.0,303402.0
2016-01-26,523710.0,318000.0
2016-02-02,545820.0,348947.0
2016-02-09,544800.0,356923.0
2016-02-16,517940.0,358953.0
2016-02-23,533268.0,327412.0
2016-03-01,529761.0,317243.0
2016-03-08,535589.0,291337.0
2016-03-15,544416.0,274560.0
2016-03-22,527838.0,219861.0
2016-03-29,534637.0,229126.0
2016-04-05,541716.0,251586.0
2016-04-12,530256.0,241095.0
2016-04-19,540048.0,205873.0
2016-04-26,544282.0,210017.0
2016-05-03,530023.0,211479.0
2016-05-10,521799.0,229839.0
2016-05-17,554596.0,185827.0
2016-05-24,528230.0,180088.0
2016-05-31,522661.0,175659.0
2016-06-07,525508.0,200326.0
2016-06-14,523352.0,210767.0
2016-06-21,515227.0,196632.0
2016-06-28,510395.0,206156.0
2016-07-05,519441.0,219769.0
2016-07-12,516217.0,221422.0
2016-07-19,525628.0,236047.0
2016-07-26,539345.0,266046.0
2016-08-02,562532.0,295340.0
2016-08-09,562028.0,303778.0
2016-08-16,570209.0,262709.0
2016-08-23,555022.0,201278.0
2016-08-30,538363.0,197075.0
2016-09-06,534074.0,248279.0
2016-09-13,537965.0,224663.0
2016-09-20,533133.0,254260.0
2016-09-27,543799.0,252153.0
2016-10-04,571306.0,208330.0
2016-10-11,597569.0,183919.0
2016-10-18,578530.0,170535.0
2016-10-25,571822.0,168236.0
2016-11-01,543096.0,188697.0
2016-11-08,560814.0,283275.0
2016-11-15,581416.0,305090.0
2016-11-22,560573.0,284253.0
2016-11-29,551697.0,263816.0
2016-12-06,589787.0,212161.0
2016-12-13,614780.0,192013.0
2016-12-20,603704.0,167043.0
2016-12-27,608865.0,163933.0
2017-01-03,608117.0,168043.0
2017-01-10,604261.0,170699.0
2017-01-17,631537.0,166859.0
2017-01-24,642401.0,159878.0
2017-01-31,656710.0,164018.0
2017-02-07,661929.0,184939.0
2017-02-14,683254.0,174798.0
2017-02-21,712717.0,156110.0
2017-02-28,690281.0,165027.0
2017-03-07,682176.0,173651.0
2017-03-14,687026.0,253226.0
2017-03-21,659029.0,240512.0
2017-03-28,647981.0,249901.0
2017-04-04,649987.0,241605.0
2017-04-11,645953.0,208910.0
2017-04-18,637850.0,193967.0
2017-04-25,618756.0,206934.0
2017-05-02,630692.0,257548.0
2017-05-09,655196.0,326445.0
2017-05-16,646041.0,317089.0
2017-05-23,595499.0,222510.0
2017-05-30,595577.0,221822.0
2017-06-06,624855.0,242386.0
2017-06-13,639309.0,280310.0
2017-06-20,628548.0,299784.0
2017-06-27,638878.0,311690.0
2017-07-03,633802.0,292755.0
2017-07-11,629009.0,270984.0
2017-07-18,652015.0,255556.0
2017-07-25,659050.0,235712.0
2017-08-01,717912.0,231147.0
2017-08-08,707536.0,226907.0
2017-08-15,699351.0,235878.0
2017-08-22,676829.0,231381.0
2017-08-29,663313.0,297448.0
2017-09-05,675605.0,293492.0
2017-09-12,662650.0,288170.0
2017-09-19,678156.0,260082.0
2017-09-26,698180.0,244072.0
2017-10-03,687611.0,243295.0
2017-10-10,685322.0,268261.0
2017-10-17,701946.0,272421.0
2017-10-24,710682.0,263855.0
2017-10-31,734763.0,231814.0
2017-11-07,758743.0,213537.0
2017-11-14,778738.0,182272.0
2017-11-21,742158.0,165080.0
2017-11-28,763786.0,153953.0
2017-12-05,759978.0,148850.0
2017-12-12,761121.0,146624.0
2017-12-19,749848.0,148009.0
2017-12-26,772893.0,140732.0
2018-01-02,762666.0,138453.0
2018-01-09,801494.0,143904.0
2018-01-16,854090.0,146303.0
2018-01-23,852332.0,135637.0
2018-01-30,866033.0,131475.0
2018-02-06,862102.0,123005.0
2018-02-13,837456.0,125195.0
2018-02-20,804138.0,114772.0
2018-02-27,823435.0,119331.0
2018-03-06,814991.0,128484.0
2018-03-13,799257.0,130724.0
2018-03-20,823181.0,119473.0
2018-03-27,854255.0,138485.0
2018-04-03,829287.0,129742.0
2018-04-10,836353.0,129273.0
2018-04-17,849993.0,121862.0
2018-04-24,838898.0,126475.0
2018-05-01,815176.0,124449.0
2018-05-08,804806.0,124878.0
2018-05-15,772511.0,128067.0
2018-05-22,750320.0,116934.0
2018-05-29,729699.0,121871.0
2018-06-05,709364.0,125788.0
2018-06-12,720342.0,125049.0
2018-06-19,694421.0,113474.0
2018-06-26,719301.0,94210.0
2018-07-03,762738.0,106018.0
2018-07-10,755271.0,100806.0
2018-07-17,710471.0,79177.0
2018-07-24,688176.0,77705.0
2018-07-31,698719.0,85319.0
2018-08-07,691708.0,82781.0
2018-08-14,655245.0,81817.0
2018-08-21,642062.0,103277.0
2018-08-28,654384.0,104071.0
2018-09-04,673427.0,107697.0
2018-09-11,652935.0,109090.0
2018-09-18,626914.0,96548.0
2018-09-25,647214.0,87129.0
2018-10-02,653899.0,104990.0
2018-10-09,633117.0,105066.0
2018-10-16,614423.0,121194.0
2018-10-23,585412.0,130134.0
2018-10-30,565671.0,133033.0
2018-11-06,554562.0,150779.0
2018-11-13,561445.0,180247.0
2018-11-20,528849.0,161662.0
2018-11-27,511679.0,163558.0
2018-12-04,505292.0,175146.0
2018-12-11,504584.0,195078.0
2018-12-18,502715.0,193107.0
2018-12-24,502719.0,196407.0
2019-01-08,498716.0,221505.0
2019-01-15,498357.0,191432.0
2019-01-22,500895.0,166036.0
2019-01-29,499297.0,158386.0
2019-02-05,491870.0,170261.0
2019-02-12,472181.0,183967.0
2019-02-19,479000.0,165033.0
2019-02-26,486235.0,158564.0
2019-03-05,497656.0,148855.0
2019-03-12,500169.0,137904.0
2019-03-19,534563.0,119817.0
2019-03-26,560552.0,111933.0
2019-04-02,590312.0,108951.0
2019-04-09,621766.0,105104.0
2019-04-16,616110.0,100852.0
2019-04-23,644670.0,97311.0
2019-04-30,638298.0,114195.0
2019-05-07,616789.0,122453.0
2019-05-14,607979.0,120171.0
2019-05-21,585979.0,107581.0
2019-05-28,564433.0,125495.0
2019-06-04,538947.0,138779.0
2019-06-11,515457.0,163802.0
2019-06-18,502749.0,139662.0
2019-06-25,496941.0,118138.0
2019-07-02,513180.0,120370.0
2019-07-09,505696.0,115547.0
2019-07-16,545484.0,121722.0
2019-07-23,537940.0,140089.0
2019-07-30,540238.0,152947.0
2019-08-06,540924.0,165283.0
2019-08-13,547040.0,164896.0
2019-08-20,528969.0,114334.0
2019-08-27,513465.0,121815.0
2019-09-03,508940.0,124783.0
2019-09-10,527579.0,99374.0
2019-09-17,530357.0,103252.0
2019-09-24,528493.0,104331.0
2019-10-01,514829.0,125510.0
2019-10-08,520283.0,165198.0
2019-10-15,536406.0,179522.0
2019-10-22,548951.0,182779.0
2019-10-29,552242.0,168895.0
2019-11-05,565026.0,158886.0
2019-11-12,539082.0,114485.0
2019-11-19,541420.0,111445.0
2019-11-26,553737.0,82801.0
2019-12-03,531120.0,103085.0
2019-12-10,577216.0,81677.0
2019-12-17,612113.0,75736.0
2019-12-24,625302.0,75225.0
2019-12-31,626848.0,71991.0
2020-01-07,639009.0,71737.0
2020-01-14,610444.0,80132.0
2020-01-21,599228.0,78660.0
2020-01-28,588255.0,126493.0
2020-02-04,576917.0,179543.0
2020-02-11,577155.0,180386.0
2020-02-18,571252.0,159488.0
2020-02-25,558798.0,127332.0
2020-03-03,563904.0,175535.0
2020-03-10,587567.0,200170.0
2020-03-17,572819.0,132582.0
2020-03-24,578366.0,142353.0
2020-03-31,624397.0,189289.0
2020-04-07,655771.0,170876.0
2020-04-14,700474.0,189805.0
2020-04-21,736248.0,149068.0
2020-04-28,737778.0,148390.0
2020-05-05,722912.0,192300.0
2020-05-12,709557.0,168538.0
